Date,HomeTeam,AwayTeam,FTHG,FTAG,FTR,HTHG,HTAG,HTR,Season,League,Round
2025-07-25,Royal Antwerp,Union Saint-Gilloise,1,1,D,1,0,H,2025-26,BELGIAN_PRO,1. Round
2025-07-26,FCV Dender EH,Cercle Brugge,0,0,D,0,0,D,2025-26,BELGIAN_PRO,1. Round
2025-07-26,SV Zulte Waregem,KV Mechelen,1,1,D,0,1,A,2025-26,BELGIAN_PRO,1. Round
2025-07-26,RAAL La Louviére,Standard Liège,0,2,A,0,2,A,2025-26,BELGIAN_PRO,1. Round
2025-07-27,RSC Anderlecht,KVC Westerlo,5,2,H,2,0,H,2025-26,BELGIAN_PRO,1. Round
2025-07-27,Oud-Heverlee Leuven,Sporting Charleroi,2,2,D,1,0,H,2025-26,BELGIAN_PRO,1. Round
2025-07-27,Club Brugge KV,KRC Genk,2,1,H,0,1,A,2025-26,BELGIAN_PRO,1. Round
2025-07-27,Sint-Truidense VV,KAA Gent,3,1,H,0,0,D,2025-26,BELGIAN_PRO,1. Round
2025-08-01,KV Mechelen,Club Brugge KV,2,1,H,1,0,H,2025-26,BELGIAN_PRO,2. Round
2025-08-02,KVC Westerlo,SV Zulte Waregem,3,1,H,2,1,H,2025-26,BELGIAN_PRO,2. Round
2025-08-02,Standard Liège,FCV Dender EH,1,1,D,0,0,D,2025-26,BELGIAN_PRO,2. Round
2025-08-02,KAA Gent,RAAL La Louviére,1,0,H,0,0,D,2025-26,BELGIAN_PRO,2. Round
2025-08-03,KRC Genk,Royal Antwerp,1,1,D,1,1,D,2025-26,BELGIAN_PRO,2. Round
2025-08-03,Cercle Brugge,RSC Anderlecht,0,2,A,0,1,A,2025-26,BELGIAN_PRO,2. Round
2025-08-03,Union Saint-Gilloise,Oud-Heverlee Leuven,5,0,H,2,0,H,2025-26,BELGIAN_PRO,2. Round
2025-08-03,Sporting Charleroi,Sint-Truidense VV,1,1,D,1,1,D,2025-26,BELGIAN_PRO,2. Round
2025-08-08,Sint-Truidense VV,FCV Dender EH,2,0,H,1,0,H,2025-26,BELGIAN_PRO,3. Round
2025-08-09,Club Brugge KV,Cercle Brugge,2,0,H,0,0,D,2025-26,BELGIAN_PRO,3. Round
2025-08-09,KVC Westerlo,KV Mechelen,0,1,A,0,0,D,2025-26,BELGIAN_PRO,3. Round
2025-08-09,KAA Gent,Union Saint-Gilloise,2,3,A,0,1,A,2025-26,BELGIAN_PRO,3. Round
2025-08-10,RAAL La Louviére,Sporting Charleroi,1,0,H,1,0,H,2025-26,BELGIAN_PRO,3. Round
2025-08-10,RSC Anderlecht,SV Zulte Waregem,2,3,A,0,1,A,2025-26,BELGIAN_PRO,3. Round
2025-08-10,Standard Liège,KRC Genk,2,1,H,1,0,H,2025-26,BELGIAN_PRO,3. Round
2025-08-10,Royal Antwerp,Oud-Heverlee Leuven,3,1,H,1,0,H,2025-26,BELGIAN_PRO,3. Round
2025-08-15,Oud-Heverlee Leuven,KRC Genk,1,2,A,1,2,A,2025-26,BELGIAN_PRO,4. Round
2025-08-16,SV Zulte Waregem,Club Brugge KV,0,1,A,0,0,D,2025-26,BELGIAN_PRO,4. Round
2025-08-16,KV Mechelen,KAA Gent,1,1,D,1,0,H,2025-26,BELGIAN_PRO,4. Round
2025-08-16,Union Saint-Gilloise,Standard Liège,3,0,H,1,0,H,2025-26,BELGIAN_PRO,4. Round
2025-08-17,FCV Dender EH,RSC Anderlecht,0,2,A,0,0,D,2025-26,BELGIAN_PRO,4. Round
2025-08-17,Sint-Truidense VV,RAAL La Louviére,2,1,H,1,0,H,2025-26,BELGIAN_PRO,4. Round
2025-08-17,Sporting Charleroi,Royal Antwerp,1,1,D,1,1,D,2025-26,BELGIAN_PRO,4. Round
2025-08-17,Cercle Brugge,KVC Westerlo,4,1,H,3,0,H,2025-26,BELGIAN_PRO,4. Round
2025-08-23,Standard Liège,Cercle Brugge,0,3,A,0,3,A,2025-26,BELGIAN_PRO,5. Round
2025-08-23,SV Zulte Waregem,Sint-Truidense VV,0,2,A,0,0,D,2025-26,BELGIAN_PRO,5. Round
2025-08-24,Royal Antwerp,KV Mechelen,2,1,H,1,1,D,2025-26,BELGIAN_PRO,5. Round
2025-08-24,RAAL La Louviére,Union Saint-Gilloise,0,0,D,0,0,D,2025-26,BELGIAN_PRO,5. Round
2025-08-24,FCV Dender EH,Oud-Heverlee Leuven,0,1,A,0,0,D,2025-26,BELGIAN_PRO,5. Round
2025-09-17,KRC Genk,Sporting Charleroi,0,1,A,0,1,A,2025-26,BELGIAN_PRO,5. Round
2025-09-23,RSC Anderlecht,KAA Gent,1,0,H,0,0,D,2025-26,BELGIAN_PRO,5. Round
2025-09-24,Club Brugge KV,KVC Westerlo,5,5,D,1,2,A,2025-26,BELGIAN_PRO,5. Round
2025-08-29,Cercle Brugge,Sint-Truidense VV,1,1,D,1,1,D,2025-26,BELGIAN_PRO,6. Round
2025-08-30,KV Mechelen,RAAL La Louviére,3,2,H,1,0,H,2025-26,BELGIAN_PRO,6. Round
2025-08-30,KVC Westerlo,Royal Antwerp,2,0,H,1,0,H,2025-26,BELGIAN_PRO,6. Round
2025-08-30,Sporting Charleroi,FCV Dender EH,3,1,H,1,0,H,2025-26,BELGIAN_PRO,6. Round
2025-08-31,KAA Gent,Club Brugge KV,1,1,D,0,0,D,2025-26,BELGIAN_PRO,6. Round
2025-08-31,Oud-Heverlee Leuven,Standard Liège,1,0,H,0,0,D,2025-26,BELGIAN_PRO,6. Round
2025-08-31,Union Saint-Gilloise,RSC Anderlecht,2,0,H,1,0,H,2025-26,BELGIAN_PRO,6. Round
2025-08-31,KRC Genk,SV Zulte Waregem,3,2,H,2,2,D,2025-26,BELGIAN_PRO,6. Round
2025-09-12,Standard Liège,KV Mechelen,1,1,D,0,0,D,2025-26,BELGIAN_PRO,7. Round
2025-09-13,SV Zulte Waregem,Oud-Heverlee Leuven,2,0,H,2,0,H,2025-26,BELGIAN_PRO,7. Round
2025-09-13,FCV Dender EH,Union Saint-Gilloise,0,1,A,0,0,D,2025-26,BELGIAN_PRO,7. Round
2025-09-13,RAAL La Louviére,Club Brugge KV,1,0,H,1,0,H,2025-26,BELGIAN_PRO,7. Round
2025-09-14,Royal Antwerp,KAA Gent,1,2,A,1,1,D,2025-26,BELGIAN_PRO,7. Round
2025-09-14,Cercle Brugge,Sporting Charleroi,2,3,A,0,2,A,2025-26,BELGIAN_PRO,7. Round
2025-09-14,RSC Anderlecht,KRC Genk,1,1,D,0,0,D,2025-26,BELGIAN_PRO,7. Round
2025-09-14,Sint-Truidense VV,KVC Westerlo,0,3,A,0,1,A,2025-26,BELGIAN_PRO,7. Round
2025-09-19,KAA Gent,FCV Dender EH,3,0,H,1,0,H,2025-26,BELGIAN_PRO,8. Round
2025-09-20,Oud-Heverlee Leuven,RAAL La Louviére,1,2,A,1,2,A,2025-26,BELGIAN_PRO,8. Round
2025-09-20,Sporting Charleroi,SV Zulte Waregem,1,2,A,1,0,H,2025-26,BELGIAN_PRO,8. Round
2025-09-20,RSC Anderlecht,Royal Antwerp,0,0,D,0,0,D,2025-26,BELGIAN_PRO,8. Round
2025-09-21,KRC Genk,Union Saint-Gilloise,1,2,A,0,1,A,2025-26,BELGIAN_PRO,8. Round
2025-09-21,KVC Westerlo,Standard Liège,0,2,A,0,2,A,2025-26,BELGIAN_PRO,8. Round
2025-09-21,Club Brugge KV,Sint-Truidense VV,2,0,H,1,0,H,2025-26,BELGIAN_PRO,8. Round
2025-09-21,KV Mechelen,Cercle Brugge,0,0,D,0,0,D,2025-26,BELGIAN_PRO,8. Round
2025-09-26,Oud-Heverlee Leuven,RSC Anderlecht,1,1,D,0,0,D,2025-26,BELGIAN_PRO,9. Round
2025-09-27,SV Zulte Waregem,Royal Antwerp,2,0,H,0,0,D,2025-26,BELGIAN_PRO,9. Round
2025-09-27,Standard Liège,Club Brugge KV,1,2,A,1,1,D,2025-26,BELGIAN_PRO,9. Round
2025-09-27,Union Saint-Gilloise,KVC Westerlo,2,0,H,0,0,D,2025-26,BELGIAN_PRO,9. Round
2025-09-28,Sint-Truidense VV,KRC Genk,1,2,A,1,0,H,2025-26,BELGIAN_PRO,9. Round
2025-09-28,Cercle Brugge,KAA Gent,2,4,A,2,2,D,2025-26,BELGIAN_PRO,9. Round
2025-09-28,Sporting Charleroi,KV Mechelen,0,2,A,0,2,A,2025-26,BELGIAN_PRO,9. Round
2025-09-28,FCV Dender EH,RAAL La Louviére,0,0,D,0,0,D,2025-26,BELGIAN_PRO,9. Round
2025-10-03,KAA Gent,Sporting Charleroi,2,1,H,1,1,D,2025-26,BELGIAN_PRO,10. Round
2025-10-04,KV Mechelen,Sint-Truidense VV,1,3,A,1,0,H,2025-26,BELGIAN_PRO,10. Round
2025-10-04,RAAL La Louviére,SV Zulte Waregem,0,0,D,0,0,D,2025-26,BELGIAN_PRO,10. Round
2025-10-04,Royal Antwerp,Cercle Brugge,1,1,D,1,1,D,2025-26,BELGIAN_PRO,10. Round
2025-10-05,RSC Anderlecht,Standard Liège,1,0,H,0,0,D,2025-26,BELGIAN_PRO,10. Round
2025-10-05,KRC Genk,FCV Dender EH,2,1,H,1,1,D,2025-26,BELGIAN_PRO,10. Round
2025-10-05,Club Brugge KV,Union Saint-Gilloise,1,0,H,0,0,D,2025-26,BELGIAN_PRO,10. Round
2025-10-05,KVC Westerlo,Oud-Heverlee Leuven,2,0,H,1,0,H,2025-26,BELGIAN_PRO,10. Round
2025-10-18,RAAL La Louviére,KVC Westerlo,0,0,D,0,0,D,2025-26,BELGIAN_PRO,11. Round
2025-10-18,Oud-Heverlee Leuven,Club Brugge KV,0,1,A,0,0,D,2025-26,BELGIAN_PRO,11. Round
2025-10-18,Union Saint-Gilloise,Sporting Charleroi,3,1,H,1,1,D,2025-26,BELGIAN_PRO,11. Round
2025-10-19,Cercle Brugge,KRC Genk,2,2,D,1,1,D,2025-26,BELGIAN_PRO,11. Round
2025-10-19,FCV Dender EH,KV Mechelen,1,3,A,0,1,A,2025-26,BELGIAN_PRO,11. Round
2025-10-19,Sint-Truidense VV,RSC Anderlecht,2,2,D,1,2,A,2025-26,BELGIAN_PRO,11. Round
2025-10-19,SV Zulte Waregem,KAA Gent,4,1,H,3,0,H,2025-26,BELGIAN_PRO,11. Round
2025-10-20,Standard Liège,Royal Antwerp,1,0,H,1,0,H,2025-26,BELGIAN_PRO,11. Round
2025-10-24,Sporting Charleroi,RSC Anderlecht,1,0,H,0,0,D,2025-26,BELGIAN_PRO,12. Round
2025-10-25,KVC Westerlo,FCV Dender EH,1,1,D,0,1,A,2025-26,BELGIAN_PRO,12. Round
2025-10-25,KV Mechelen,Oud-Heverlee Leuven,1,1,D,0,0,D,2025-26,BELGIAN_PRO,12. Round
2025-10-25,KAA Gent,Standard Liège,4,0,H,3,0,H,2025-26,BELGIAN_PRO,12. Round
2025-10-26,Royal Antwerp,Club Brugge KV,0,1,A,0,1,A,2025-26,BELGIAN_PRO,12. Round
2025-10-26,Cercle Brugge,SV Zulte Waregem,1,1,D,0,1,A,2025-26,BELGIAN_PRO,12. Round
2025-10-26,KRC Genk,RAAL La Louviére,1,1,D,1,1,D,2025-26,BELGIAN_PRO,12. Round
2025-10-26,Union Saint-Gilloise,Sint-Truidense VV,2,0,H,0,0,D,2025-26,BELGIAN_PRO,12. Round
2025-10-31,Standard Liège,Sporting Charleroi,3,1,H,1,1,D,2025-26,BELGIAN_PRO,13. Round
2025-11-01,SV Zulte Waregem,Union Saint-Gilloise,1,4,A,0,2,A,2025-26,BELGIAN_PRO,13. Round
2025-11-01,Club Brugge KV,FCV Dender EH,2,1,H,2,0,H,2025-26,BELGIAN_PRO,13. Round
2025-11-01,RSC Anderlecht,KV Mechelen,3,1,H,2,1,H,2025-26,BELGIAN_PRO,13. Round
2025-11-02,KVC Westerlo,KRC Genk,0,1,A,0,1,A,2025-26,BELGIAN_PRO,13. Round
2025-11-02,Oud-Heverlee Leuven,KAA Gent,4,0,H,2,0,H,2025-26,BELGIAN_PRO,13. Round
2025-11-02,Sint-Truidense VV,Royal Antwerp,1,0,H,1,0,H,2025-26,BELGIAN_PRO,13. Round
2025-11-02,RAAL La Louviére,Cercle Brugge,2,1,H,1,0,H,2025-26,BELGIAN_PRO,13. Round
2024-07-26,Club Brugge KV,KV Mechelen,1,1,D,0,0,D,2024-25,BELGIAN_PRO,Matchday 1
2024-07-27,FCV Dender EH,Union Saint-Gilloise,0,0,D,0,0,D,2024-25,BELGIAN_PRO,Matchday 1
2024-07-27,K Beerschot VA,Oud-Heverlee Leuven,0,0,D,0,0,D,2024-25,BELGIAN_PRO,Matchday 1
2024-07-27,RSC Anderlecht,Sint-Truidense VV,1,0,H,0,0,D,2024-25,BELGIAN_PRO,Matchday 1
2024-07-28,KRC Genk,Standard Liège,0,0,D,0,0,D,2024-25,BELGIAN_PRO,Matchday 1
2024-07-28,KV Kortrijk,KAA Gent,0,1,A,0,0,D,2024-25,BELGIAN_PRO,Matchday 1
2024-07-28,Sporting Charleroi,Royal Antwerp,0,1,A,0,1,A,2024-25,BELGIAN_PRO,Matchday 1
2024-07-28,KVC Westerlo,Cercle Brugge,3,0,H,1,0,H,2024-25,BELGIAN_PRO,Matchday 1
2024-08-02,Union Saint-Gilloise,K Beerschot VA,3,1,H,2,0,H,2024-25,BELGIAN_PRO,Matchday 2
2024-08-03,KV Mechelen,KVC Westerlo,2,4,A,0,2,A,2024-25,BELGIAN_PRO,Matchday 2
2024-08-03,Oud-Heverlee Leuven,KRC Genk,3,1,H,2,0,H,2024-25,BELGIAN_PRO,Matchday 2
2024-08-03,Sint-Truidense VV,Sporting Charleroi,1,4,A,0,4,A,2024-25,BELGIAN_PRO,Matchday 2
2024-08-04,Royal Antwerp,RSC Anderlecht,1,2,A,1,1,D,2024-25,BELGIAN_PRO,Matchday 2
2024-08-04,Cercle Brugge,KV Kortrijk,1,2,A,1,1,D,2024-25,BELGIAN_PRO,Matchday 2
2024-08-04,Standard Liège,Club Brugge KV,1,0,H,0,0,D,2024-25,BELGIAN_PRO,Matchday 2
2024-08-04,KAA Gent,FCV Dender EH,1,2,A,0,1,A,2024-25,BELGIAN_PRO,Matchday 2
2024-08-09,Standard Liège,KV Mechelen,0,0,D,0,0,D,2024-25,BELGIAN_PRO,Matchday 3
2024-08-10,FCV Dender EH,KV Kortrijk,4,1,H,2,1,H,2024-25,BELGIAN_PRO,Matchday 3
2024-08-10,KVC Westerlo,Union Saint-Gilloise,4,3,H,3,1,H,2024-25,BELGIAN_PRO,Matchday 3
2024-08-10,RSC Anderlecht,Oud-Heverlee Leuven,1,1,D,1,1,D,2024-25,BELGIAN_PRO,Matchday 3
2024-08-11,KRC Genk,Club Brugge KV,3,2,H,0,1,A,2024-25,BELGIAN_PRO,Matchday 3
2024-08-11,Royal Antwerp,Sint-Truidense VV,6,1,H,2,0,H,2024-25,BELGIAN_PRO,Matchday 3
2024-08-11,Sporting Charleroi,KAA Gent,1,0,H,0,0,D,2024-25,BELGIAN_PRO,Matchday 3
2024-08-11,Cercle Brugge,K Beerschot VA,4,1,H,3,1,H,2024-25,BELGIAN_PRO,Matchday 3
2024-08-16,Union Saint-Gilloise,Sporting Charleroi,1,0,H,0,0,D,2024-25,BELGIAN_PRO,Matchday 4
2024-08-17,K Beerschot VA,KRC Genk,3,4,A,1,3,A,2024-25,BELGIAN_PRO,Matchday 4
2024-08-17,Sint-Truidense VV,FCV Dender EH,3,3,D,2,1,H,2024-25,BELGIAN_PRO,Matchday 4
2024-08-17,KV Mechelen,RSC Anderlecht,1,3,A,1,2,A,2024-25,BELGIAN_PRO,Matchday 4
2024-08-18,Club Brugge KV,Royal Antwerp,1,0,H,0,0,D,2024-25,BELGIAN_PRO,Matchday 4
2024-08-18,Oud-Heverlee Leuven,Cercle Brugge,1,1,D,1,1,D,2024-25,BELGIAN_PRO,Matchday 4
2024-08-18,KV Kortrijk,Standard Liège,1,0,H,0,0,D,2024-25,BELGIAN_PRO,Matchday 4
2024-08-18,KAA Gent,KVC Westerlo,4,1,H,3,1,H,2024-25,BELGIAN_PRO,Matchday 4
2024-08-24,KVC Westerlo,Oud-Heverlee Leuven,1,1,D,1,1,D,2024-25,BELGIAN_PRO,Matchday 5
2024-08-24,Royal Antwerp,KV Mechelen,0,1,A,0,1,A,2024-25,BELGIAN_PRO,Matchday 5
2024-08-25,FCV Dender EH,Club Brugge KV,1,2,A,1,2,A,2024-25,BELGIAN_PRO,Matchday 5
2024-08-25,Sint-Truidense VV,Union Saint-Gilloise,0,0,D,0,0,D,2024-25,BELGIAN_PRO,Matchday 5
2024-08-25,Standard Liège,K Beerschot VA,1,0,H,0,0,D,2024-25,BELGIAN_PRO,Matchday 5
2024-08-25,Sporting Charleroi,KV Kortrijk,1,0,H,1,0,H,2024-25,BELGIAN_PRO,Matchday 5
2024-09-17,RSC Anderlecht,KRC Genk,0,2,A,0,1,A,2024-25,BELGIAN_PRO,Matchday 5
2024-09-26,Cercle Brugge,KAA Gent,2,1,H,0,0,D,2024-25,BELGIAN_PRO,Matchday 5
2024-08-30,KRC Genk,KVC Westerlo,1,0,H,0,0,D,2024-25,BELGIAN_PRO,Matchday 6
2024-08-31,KV Mechelen,Sporting Charleroi,5,2,H,3,2,H,2024-25,BELGIAN_PRO,Matchday 6
2024-08-31,K Beerschot VA,FCV Dender EH,1,2,A,0,2,A,2024-25,BELGIAN_PRO,Matchday 6
2024-08-31,Oud-Heverlee Leuven,Standard Liège,2,0,H,1,0,H,2024-25,BELGIAN_PRO,Matchday 6
2024-09-01,Club Brugge KV,Cercle Brugge,3,0,H,2,0,H,2024-25,BELGIAN_PRO,Matchday 6
2024-09-01,KAA Gent,Royal Antwerp,1,1,D,1,1,D,2024-25,BELGIAN_PRO,Matchday 6
2024-09-01,Union Saint-Gilloise,RSC Anderlecht,0,0,D,0,0,D,2024-25,BELGIAN_PRO,Matchday 6
2024-09-01,KV Kortrijk,Sint-Truidense VV,1,1,D,0,1,A,2024-25,BELGIAN_PRO,Matchday 6
2024-09-13,FCV Dender EH,Standard Liège,0,2,A,0,1,A,2024-25,BELGIAN_PRO,Matchday 7
2024-09-14,Cercle Brugge,KRC Genk,2,3,A,2,2,D,2024-25,BELGIAN_PRO,Matchday 7
2024-09-14,KV Kortrijk,Club Brugge KV,0,3,A,0,1,A,2024-25,BELGIAN_PRO,Matchday 7
2024-09-14,RSC Anderlecht,KVC Westerlo,2,2,D,1,1,D,2024-25,BELGIAN_PRO,Matchday 7
2024-09-15,Royal Antwerp,Union Saint-Gilloise,2,0,H,0,0,D,2024-25,BELGIAN_PRO,Matchday 7
2024-09-15,Sint-Truidense VV,Oud-Heverlee Leuven,2,1,H,1,0,H,2024-25,BELGIAN_PRO,Matchday 7
2024-09-15,Sporting Charleroi,K Beerschot VA,3,0,H,1,0,H,2024-25,BELGIAN_PRO,Matchday 7
2024-09-15,KAA Gent,KV Mechelen,2,0,H,2,0,H,2024-25,BELGIAN_PRO,Matchday 7
2024-09-20,Standard Liège,Union Saint-Gilloise,0,0,D,0,0,D,2024-25,BELGIAN_PRO,Matchday 8
2024-09-21,K Beerschot VA,Sint-Truidense VV,0,3,A,0,1,A,2024-25,BELGIAN_PRO,Matchday 8
2024-09-21,KVC Westerlo,Royal Antwerp,1,2,A,1,1,D,2024-25,BELGIAN_PRO,Matchday 8
2024-09-21,RSC Anderlecht,Sporting Charleroi,0,0,D,0,0,D,2024-25,BELGIAN_PRO,Matchday 8
2024-09-22,Club Brugge KV,KAA Gent,2,4,A,0,2,A,2024-25,BELGIAN_PRO,Matchday 8
2024-09-22,KV Mechelen,Cercle Brugge,2,0,H,1,0,H,2024-25,BELGIAN_PRO,Matchday 8
2024-09-22,KRC Genk,FCV Dender EH,4,0,H,1,0,H,2024-25,BELGIAN_PRO,Matchday 8
2024-09-22,Oud-Heverlee Leuven,KV Kortrijk,1,1,D,0,0,D,2024-25,BELGIAN_PRO,Matchday 8
2024-09-27,Sporting Charleroi,Club Brugge KV,1,1,D,0,0,D,2024-25,BELGIAN_PRO,Matchday 9
2024-09-28,KRC Genk,KV Mechelen,2,1,H,0,0,D,2024-25,BELGIAN_PRO,Matchday 9
2024-09-28,Standard Liège,KVC Westerlo,1,2,A,0,1,A,2024-25,BELGIAN_PRO,Matchday 9
2024-09-28,FCV Dender EH,RSC Anderlecht,1,1,D,0,1,A,2024-25,BELGIAN_PRO,Matchday 9
2024-09-29,Royal Antwerp,K Beerschot VA,5,0,H,1,0,H,2024-25,BELGIAN_PRO,Matchday 9
2024-09-29,Union Saint-Gilloise,KV Kortrijk,3,0,H,1,0,H,2024-25,BELGIAN_PRO,Matchday 9
2024-09-29,KAA Gent,Oud-Heverlee Leuven,3,0,H,2,0,H,2024-25,BELGIAN_PRO,Matchday 9
2024-09-29,Cercle Brugge,Sint-Truidense VV,1,1,D,1,0,H,2024-25,BELGIAN_PRO,Matchday 9
2024-10-04,KVC Westerlo,K Beerschot VA,2,2,D,0,1,A,2024-25,BELGIAN_PRO,Matchday 10
2024-10-05,KV Mechelen,Oud-Heverlee Leuven,5,0,H,2,0,H,2024-25,BELGIAN_PRO,Matchday 10
2024-10-05,KV Kortrijk,KRC Genk,2,1,H,2,1,H,2024-25,BELGIAN_PRO,Matchday 10
2024-10-05,FCV Dender EH,Sporting Charleroi,1,0,H,1,0,H,2024-25,BELGIAN_PRO,Matchday 10
2024-10-06,RSC Anderlecht,Standard Liège,3,0,H,2,0,H,2024-25,BELGIAN_PRO,Matchday 10
2024-10-06,Royal Antwerp,Cercle Brugge,3,0,H,2,0,H,2024-25,BELGIAN_PRO,Matchday 10
2024-10-06,Club Brugge KV,Union Saint-Gilloise,1,1,D,0,0,D,2024-25,BELGIAN_PRO,Matchday 10
2024-10-06,Sint-Truidense VV,KAA Gent,1,1,D,0,1,A,2024-25,BELGIAN_PRO,Matchday 10
2024-10-18,K Beerschot VA,RSC Anderlecht,2,1,H,1,0,H,2024-25,BELGIAN_PRO,Matchday 11
2024-10-19,KVC Westerlo,Club Brugge KV,1,2,A,1,2,A,2024-25,BELGIAN_PRO,Matchday 11
2024-10-19,Cercle Brugge,FCV Dender EH,0,0,D,0,0,D,2024-25,BELGIAN_PRO,Matchday 11
2024-10-19,Union Saint-Gilloise,KAA Gent,0,0,D,0,0,D,2024-25,BELGIAN_PRO,Matchday 11
2024-10-20,KRC Genk,Sint-Truidense VV,3,2,H,3,1,H,2024-25,BELGIAN_PRO,Matchday 11
2024-10-20,Oud-Heverlee Leuven,Royal Antwerp,1,1,D,0,1,A,2024-25,BELGIAN_PRO,Matchday 11
2024-10-20,Standard Liège,Sporting Charleroi,2,1,H,2,0,H,2024-25,BELGIAN_PRO,Matchday 11
2024-10-20,KV Mechelen,KV Kortrijk,3,0,H,1,0,H,2024-25,BELGIAN_PRO,Matchday 11
2024-10-25,KV Kortrijk,K Beerschot VA,1,0,H,0,0,D,2024-25,BELGIAN_PRO,Matchday 12
2024-10-26,Sporting Charleroi,Oud-Heverlee Leuven,0,2,A,0,2,A,2024-25,BELGIAN_PRO,Matchday 12
2024-10-26,FCV Dender EH,KV Mechelen,2,5,A,0,0,D,2024-25,BELGIAN_PRO,Matchday 12
2024-10-26,Sint-Truidense VV,KVC Westerlo,2,0,H,1,0,H,2024-25,BELGIAN_PRO,Matchday 12
2024-10-27,Club Brugge KV,RSC Anderlecht,2,1,H,1,0,H,2024-25,BELGIAN_PRO,Matchday 12
2024-10-27,Royal Antwerp,Standard Liège,3,0,H,1,0,H,2024-25,BELGIAN_PRO,Matchday 12
2024-10-27,KAA Gent,KRC Genk,0,2,A,0,0,D,2024-25,BELGIAN_PRO,Matchday 12
2024-10-27,Union Saint-Gilloise,Cercle Brugge,1,3,A,1,0,H,2024-25,BELGIAN_PRO,Matchday 12
2024-11-01,KVC Westerlo,FCV Dender EH,2,0,H,1,0,H,2024-25,BELGIAN_PRO,Matchday 13
2024-11-02,Standard Liège,Sint-Truidense VV,2,1,H,2,0,H,2024-25,BELGIAN_PRO,Matchday 13
2024-11-02,Oud-Heverlee Leuven,Club Brugge KV,0,1,A,0,0,D,2024-25,BELGIAN_PRO,Matchday 13
2024-11-02,KV Mechelen,Union Saint-Gilloise,1,1,D,0,1,A,2024-25,BELGIAN_PRO,Matchday 13
2024-11-03,KRC Genk,Royal Antwerp,2,0,H,1,0,H,2024-25,BELGIAN_PRO,Matchday 13
2024-11-03,Cercle Brugge,Sporting Charleroi,2,0,H,0,0,D,2024-25,BELGIAN_PRO,Matchday 13
2024-11-03,RSC Anderlecht,KV Kortrijk,4,0,H,1,0,H,2024-25,BELGIAN_PRO,Matchday 13
2024-11-03,K Beerschot VA,KAA Gent,0,0,D,0,0,D,2024-25,BELGIAN_PRO,Matchday 13
2024-11-08,Sint-Truidense VV,KV Mechelen,2,1,H,1,0,H,2024-25,BELGIAN_PRO,Matchday 14
2024-11-09,KV Kortrijk,Royal Antwerp,1,2,A,0,1,A,2024-25,BELGIAN_PRO,Matchday 14
2024-11-09,FCV Dender EH,Oud-Heverlee Leuven,1,1,D,1,1,D,2024-25,BELGIAN_PRO,Matchday 14
2024-11-09,Sporting Charleroi,KVC Westerlo,1,0,H,0,0,D,2024-25,BELGIAN_PRO,Matchday 14
2024-11-10,Cercle Brugge,RSC Anderlecht,0,5,A,0,1,A,2024-25,BELGIAN_PRO,Matchday 14
2024-11-10,KAA Gent,Standard Liège,5,0,H,2,0,H,2024-25,BELGIAN_PRO,Matchday 14
2024-11-10,Union Saint-Gilloise,KRC Genk,4,0,H,2,0,H,2024-25,BELGIAN_PRO,Matchday 14
2024-11-10,K Beerschot VA,Club Brugge KV,2,2,D,0,2,A,2024-25,BELGIAN_PRO,Matchday 14
2024-11-22,Royal Antwerp,FCV Dender EH,1,1,D,0,1,A,2024-25,BELGIAN_PRO,Matchday 15
2024-11-23,Club Brugge KV,Sint-Truidense VV,7,0,H,3,0,H,2024-25,BELGIAN_PRO,Matchday 15
2024-11-23,Standard Liège,Cercle Brugge,1,0,H,0,0,D,2024-25,BELGIAN_PRO,Matchday 15
2024-11-23,KRC Genk,Sporting Charleroi,3,0,H,0,0,D,2024-25,BELGIAN_PRO,Matchday 15
2024-11-24,KV Mechelen,K Beerschot VA,3,0,H,1,0,H,2024-25,BELGIAN_PRO,Matchday 15
2024-11-24,Oud-Heverlee Leuven,Union Saint-Gilloise,1,1,D,1,1,D,2024-25,BELGIAN_PRO,Matchday 15
2024-11-24,RSC Anderlecht,KAA Gent,6,0,H,3,0,H,2024-25,BELGIAN_PRO,Matchday 15
2024-11-24,KVC Westerlo,KV Kortrijk,4,0,H,0,0,D,2024-25,BELGIAN_PRO,Matchday 15
2024-11-29,KV Kortrijk,KV Mechelen,3,1,H,2,0,H,2024-25,BELGIAN_PRO,Matchday 16
2024-11-30,Club Brugge KV,FCV Dender EH,4,1,H,2,1,H,2024-25,BELGIAN_PRO,Matchday 16
2024-11-30,Sporting Charleroi,Standard Liège,1,1,D,0,1,A,2024-25,BELGIAN_PRO,Matchday 16
2024-12-01,Sint-Truidense VV,KRC Genk,2,2,D,0,1,A,2024-25,BELGIAN_PRO,Matchday 16
2024-12-01,K Beerschot VA,Cercle Brugge,3,2,H,0,2,A,2024-25,BELGIAN_PRO,Matchday 16
2024-12-01,Oud-Heverlee Leuven,RSC Anderlecht,0,0,D,0,0,D,2024-25,BELGIAN_PRO,Matchday 16
2024-12-01,Union Saint-Gilloise,Royal Antwerp,2,1,H,1,1,D,2024-25,BELGIAN_PRO,Matchday 16
2024-12-01,KVC Westerlo,KAA Gent,2,2,D,1,1,D,2024-25,BELGIAN_PRO,Matchday 16
2024-12-07,KRC Genk,KV Kortrijk,3,2,H,1,1,D,2024-25,BELGIAN_PRO,Matchday 17
2024-12-07,Standard Liège,Oud-Heverlee Leuven,1,1,D,1,0,H,2024-25,BELGIAN_PRO,Matchday 17
2024-12-07,KV Mechelen,Club Brugge KV,1,2,A,0,1,A,2024-25,BELGIAN_PRO,Matchday 17
2024-12-07,KAA Gent,Sint-Truidense VV,2,0,H,1,0,H,2024-25,BELGIAN_PRO,Matchday 17
2024-12-08,Royal Antwerp,Sporting Charleroi,1,3,A,0,1,A,2024-25,BELGIAN_PRO,Matchday 17
2024-12-08,Cercle Brugge,Union Saint-Gilloise,0,0,D,0,0,D,2024-25,BELGIAN_PRO,Matchday 17
2024-12-08,RSC Anderlecht,K Beerschot VA,2,1,H,1,1,D,2024-25,BELGIAN_PRO,Matchday 17
2024-12-08,FCV Dender EH,KVC Westerlo,1,0,H,1,0,H,2024-25,BELGIAN_PRO,Matchday 17
2024-12-13,KV Mechelen,Royal Antwerp,1,1,D,0,1,A,2024-25,BELGIAN_PRO,Matchday 18
2024-12-14,K Beerschot VA,Standard Liège,0,0,D,0,0,D,2024-25,BELGIAN_PRO,Matchday 18
2024-12-14,Oud-Heverlee Leuven,Sporting Charleroi,1,0,H,0,0,D,2024-25,BELGIAN_PRO,Matchday 18
2024-12-14,KV Kortrijk,FCV Dender EH,0,3,A,0,3,A,2024-25,BELGIAN_PRO,Matchday 18
2024-12-15,Club Brugge KV,KRC Genk,2,0,H,0,0,D,2024-25,BELGIAN_PRO,Matchday 18
2024-12-15,Union Saint-Gilloise,KVC Westerlo,3,1,H,2,0,H,2024-25,BELGIAN_PRO,Matchday 18
2024-12-15,Sint-Truidense VV,RSC Anderlecht,0,2,A,0,1,A,2024-25,BELGIAN_PRO,Matchday 18
2024-12-15,KAA Gent,Cercle Brugge,1,1,D,1,0,H,2024-25,BELGIAN_PRO,Matchday 18
2024-12-20,KVC Westerlo,KV Mechelen,1,1,D,0,1,A,2024-25,BELGIAN_PRO,Matchday 19
2024-12-21,Sporting Charleroi,Sint-Truidense VV,2,1,H,1,0,H,2024-25,BELGIAN_PRO,Matchday 19
2024-12-21,FCV Dender EH,Royal Antwerp,1,3,A,0,1,A,2024-25,BELGIAN_PRO,Matchday 19
2024-12-21,K Beerschot VA,KV Kortrijk,2,2,D,0,0,D,2024-25,BELGIAN_PRO,Matchday 19
2024-12-22,KRC Genk,RSC Anderlecht,2,0,H,1,0,H,2024-25,BELGIAN_PRO,Matchday 19
2024-12-22,Standard Liège,KAA Gent,0,1,A,0,0,D,2024-25,BELGIAN_PRO,Matchday 19
2024-12-22,Union Saint-Gilloise,Club Brugge KV,2,2,D,1,0,H,2024-25,BELGIAN_PRO,Matchday 19
2024-12-22,Cercle Brugge,Oud-Heverlee Leuven,1,0,H,0,0,D,2024-25,BELGIAN_PRO,Matchday 19
2024-12-26,Royal Antwerp,KRC Genk,2,2,D,2,1,H,2024-25,BELGIAN_PRO,Matchday 20
2024-12-26,Club Brugge KV,KVC Westerlo,4,3,H,2,1,H,2024-25,BELGIAN_PRO,Matchday 20
2024-12-26,KV Kortrijk,Sporting Charleroi,0,1,A,0,1,A,2024-25,BELGIAN_PRO,Matchday 20
2024-12-26,KV Mechelen,Standard Liège,0,0,D,0,0,D,2024-25,BELGIAN_PRO,Matchday 20
2024-12-26,KAA Gent,Union Saint-Gilloise,1,3,A,0,1,A,2024-25,BELGIAN_PRO,Matchday 20
2024-12-27,Oud-Heverlee Leuven,K Beerschot VA,2,0,H,0,0,D,2024-25,BELGIAN_PRO,Matchday 20
2024-12-27,RSC Anderlecht,FCV Dender EH,2,3,A,2,1,H,2024-25,BELGIAN_PRO,Matchday 20
2024-12-27,Sint-Truidense VV,Cercle Brugge,1,1,D,0,1,A,2024-25,BELGIAN_PRO,Matchday 20
2025-01-10,Standard Liège,KV Kortrijk,1,0,H,0,0,D,2024-25,BELGIAN_PRO,Matchday 21
2025-01-11,KVC Westerlo,Sint-Truidense VV,1,2,A,1,1,D,2024-25,BELGIAN_PRO,Matchday 21
2025-01-11,KRC Genk,Oud-Heverlee Leuven,2,0,H,0,0,D,2024-25,BELGIAN_PRO,Matchday 21
2025-01-11,Sporting Charleroi,Union Saint-Gilloise,1,2,A,1,0,H,2024-25,BELGIAN_PRO,Matchday 21
2025-01-12,K Beerschot VA,Royal Antwerp,1,1,D,1,0,H,2024-25,BELGIAN_PRO,Matchday 21
2025-01-12,FCV Dender EH,KAA Gent,0,0,D,0,0,D,2024-25,BELGIAN_PRO,Matchday 21
2025-01-12,RSC Anderlecht,Club Brugge KV,0,3,A,0,2,A,2024-25,BELGIAN_PRO,Matchday 21
2025-01-12,Cercle Brugge,KV Mechelen,1,0,H,1,0,H,2024-25,BELGIAN_PRO,Matchday 21
2025-01-17,KAA Gent,Sporting Charleroi,1,1,D,0,1,A,2024-25,BELGIAN_PRO,Matchday 22
2025-01-18,FCV Dender EH,Cercle Brugge,0,1,A,0,1,A,2024-25,BELGIAN_PRO,Matchday 22
2025-01-18,KV Mechelen,KRC Genk,1,2,A,1,2,A,2024-25,BELGIAN_PRO,Matchday 22
2025-01-18,Club Brugge KV,K Beerschot VA,4,2,H,2,0,H,2024-25,BELGIAN_PRO,Matchday 22
2025-01-19,KV Kortrijk,RSC Anderlecht,0,2,A,0,0,D,2024-25,BELGIAN_PRO,Matchday 22
2025-01-19,Union Saint-Gilloise,Oud-Heverlee Leuven,1,0,H,1,0,H,2024-25,BELGIAN_PRO,Matchday 22
2025-01-19,Sint-Truidense VV,Standard Liège,1,2,A,1,1,D,2024-25,BELGIAN_PRO,Matchday 22
2025-01-19,Royal Antwerp,KVC Westerlo,3,2,H,1,2,A,2024-25,BELGIAN_PRO,Matchday 22
2025-01-24,Sint-Truidense VV,Royal Antwerp,1,1,D,1,1,D,2024-25,BELGIAN_PRO,Matchday 23
2025-01-25,KVC Westerlo,KRC Genk,1,2,A,0,2,A,2024-25,BELGIAN_PRO,Matchday 23
2025-01-25,Sporting Charleroi,Cercle Brugge,1,1,D,1,1,D,2024-25,BELGIAN_PRO,Matchday 23
2025-01-25,Club Brugge KV,KV Kortrijk,1,1,D,1,1,D,2024-25,BELGIAN_PRO,Matchday 23
2025-01-26,Standard Liège,FCV Dender EH,1,0,H,1,0,H,2024-25,BELGIAN_PRO,Matchday 23
2025-01-26,K Beerschot VA,Union Saint-Gilloise,0,4,A,0,3,A,2024-25,BELGIAN_PRO,Matchday 23
2025-01-26,RSC Anderlecht,KV Mechelen,4,1,H,2,0,H,2024-25,BELGIAN_PRO,Matchday 23
2025-01-26,Oud-Heverlee Leuven,KAA Gent,0,0,D,0,0,D,2024-25,BELGIAN_PRO,Matchday 23
2025-01-31,Oud-Heverlee Leuven,KV Mechelen,1,0,H,1,0,H,2024-25,BELGIAN_PRO,Matchday 24
2025-02-01,Sporting Charleroi,FCV Dender EH,5,0,H,3,0,H,2024-25,BELGIAN_PRO,Matchday 24
2025-02-01,Cercle Brugge,Standard Liège,1,1,D,0,0,D,2024-25,BELGIAN_PRO,Matchday 24
2025-02-01,KRC Genk,K Beerschot VA,1,0,H,1,0,H,2024-25,BELGIAN_PRO,Matchday 24
2025-02-02,Royal Antwerp,Club Brugge KV,2,1,H,0,1,A,2024-25,BELGIAN_PRO,Matchday 24
2025-02-02,Union Saint-Gilloise,Sint-Truidense VV,2,1,H,0,0,D,2024-25,BELGIAN_PRO,Matchday 24
2025-02-02,KAA Gent,RSC Anderlecht,1,0,H,1,0,H,2024-25,BELGIAN_PRO,Matchday 24
2025-02-02,KV Kortrijk,KVC Westerlo,1,2,A,1,0,H,2024-25,BELGIAN_PRO,Matchday 24
2025-02-07,KV Mechelen,KAA Gent,3,3,D,1,1,D,2024-25,BELGIAN_PRO,Matchday 25
2025-02-08,Club Brugge KV,Oud-Heverlee Leuven,1,0,H,1,0,H,2024-25,BELGIAN_PRO,Matchday 25
2025-02-08,FCV Dender EH,Sint-Truidense VV,2,1,H,1,0,H,2024-25,BELGIAN_PRO,Matchday 25
2025-02-08,KRC Genk,Cercle Brugge,2,1,H,2,1,H,2024-25,BELGIAN_PRO,Matchday 25
2025-02-09,RSC Anderlecht,Royal Antwerp,2,0,H,0,0,D,2024-25,BELGIAN_PRO,Matchday 25
2025-02-09,KV Kortrijk,Union Saint-Gilloise,1,2,A,0,1,A,2024-25,BELGIAN_PRO,Matchday 25
2025-02-09,KVC Westerlo,Standard Liège,4,2,H,2,1,H,2024-25,BELGIAN_PRO,Matchday 25
2025-02-09,K Beerschot VA,Sporting Charleroi,1,1,D,1,0,H,2024-25,BELGIAN_PRO,Matchday 25
2025-02-14,Standard Liège,KRC Genk,1,2,A,0,1,A,2024-25,BELGIAN_PRO,Matchday 26
2025-02-15,Oud-Heverlee Leuven,FCV Dender EH,3,2,H,1,2,A,2024-25,BELGIAN_PRO,Matchday 26
2025-02-15,Royal Antwerp,KV Kortrijk,2,1,H,2,0,H,2024-25,BELGIAN_PRO,Matchday 26
2025-02-15,Sint-Truidense VV,Club Brugge KV,2,2,D,2,0,H,2024-25,BELGIAN_PRO,Matchday 26
2025-02-16,KAA Gent,K Beerschot VA,3,2,H,1,1,D,2024-25,BELGIAN_PRO,Matchday 26
2025-02-16,Union Saint-Gilloise,KV Mechelen,0,1,A,0,1,A,2024-25,BELGIAN_PRO,Matchday 26
2025-02-16,Sporting Charleroi,RSC Anderlecht,0,1,A,0,0,D,2024-25,BELGIAN_PRO,Matchday 26
2025-02-16,Cercle Brugge,KVC Westerlo,1,1,D,0,1,A,2024-25,BELGIAN_PRO,Matchday 26
2025-02-21,KV Mechelen,Sint-Truidense VV,1,1,D,1,0,H,2024-25,BELGIAN_PRO,Matchday 27
2025-02-22,FCV Dender EH,K Beerschot VA,0,0,D,0,0,D,2024-25,BELGIAN_PRO,Matchday 27
2025-02-22,KVC Westerlo,Sporting Charleroi,1,3,A,1,0,H,2024-25,BELGIAN_PRO,Matchday 27
2025-02-22,Royal Antwerp,Oud-Heverlee Leuven,2,2,D,0,0,D,2024-25,BELGIAN_PRO,Matchday 27
2025-02-23,Club Brugge KV,Standard Liège,1,2,A,0,0,D,2024-25,BELGIAN_PRO,Matchday 27
2025-02-23,KRC Genk,KAA Gent,0,0,D,0,0,D,2024-25,BELGIAN_PRO,Matchday 27
2025-02-23,RSC Anderlecht,Union Saint-Gilloise,0,2,A,0,1,A,2024-25,BELGIAN_PRO,Matchday 27
2025-02-23,KV Kortrijk,Cercle Brugge,1,1,D,1,0,H,2024-25,BELGIAN_PRO,Matchday 27
2025-02-28,Sporting Charleroi,KRC Genk,1,1,D,0,0,D,2024-25,BELGIAN_PRO,Matchday 28
2025-03-01,KAA Gent,Club Brugge KV,1,1,D,0,1,A,2024-25,BELGIAN_PRO,Matchday 28
2025-03-01,Cercle Brugge,Royal Antwerp,0,0,D,0,0,D,2024-25,BELGIAN_PRO,Matchday 28
2025-03-01,Sint-Truidense VV,KV Kortrijk,4,2,H,2,1,H,2024-25,BELGIAN_PRO,Matchday 28
2025-03-01,Union Saint-Gilloise,FCV Dender EH,4,1,H,2,0,H,2024-25,BELGIAN_PRO,Matchday 28
2025-03-02,K Beerschot VA,KV Mechelen,1,0,H,1,0,H,2024-25,BELGIAN_PRO,Matchday 28
2025-03-02,Standard Liège,RSC Anderlecht,0,2,A,0,0,D,2024-25,BELGIAN_PRO,Matchday 28
2025-03-02,Oud-Heverlee Leuven,KVC Westerlo,0,0,D,0,0,D,2024-25,BELGIAN_PRO,Matchday 28
2025-03-07,Sint-Truidense VV,K Beerschot VA,2,0,H,1,0,H,2024-25,BELGIAN_PRO,Matchday 29
2025-03-08,KV Kortrijk,Oud-Heverlee Leuven,2,0,H,1,0,H,2024-25,BELGIAN_PRO,Matchday 29
2025-03-08,Sporting Charleroi,KV Mechelen,0,1,A,0,1,A,2024-25,BELGIAN_PRO,Matchday 29
2025-03-08,FCV Dender EH,KRC Genk,0,1,A,0,0,D,2024-25,BELGIAN_PRO,Matchday 29
2025-03-09,Cercle Brugge,Club Brugge KV,1,3,A,0,3,A,2024-25,BELGIAN_PRO,Matchday 29
2025-03-09,KVC Westerlo,RSC Anderlecht,2,0,H,2,0,H,2024-25,BELGIAN_PRO,Matchday 29
2025-03-09,Royal Antwerp,KAA Gent,0,1,A,0,0,D,2024-25,BELGIAN_PRO,Matchday 29
2025-03-09,Union Saint-Gilloise,Standard Liège,3,0,H,1,0,H,2024-25,BELGIAN_PRO,Matchday 29
2025-03-15,KRC Genk,Union Saint-Gilloise,2,1,H,0,0,D,2024-25,BELGIAN_PRO,Matchday 30
2025-03-16,Standard Liège,Royal Antwerp,0,0,D,0,0,D,2024-25,BELGIAN_PRO,Matchday 30
2025-03-16,Club Brugge KV,Sporting Charleroi,4,2,H,1,1,D,2024-25,BELGIAN_PRO,Matchday 30
2025-03-16,RSC Anderlecht,Cercle Brugge,3,0,H,1,0,H,2024-25,BELGIAN_PRO,Matchday 30
2025-03-16,KAA Gent,KV Kortrijk,1,2,A,0,1,A,2024-25,BELGIAN_PRO,Matchday 30
2025-03-16,K Beerschot VA,KVC Westerlo,1,2,A,0,1,A,2024-25,BELGIAN_PRO,Matchday 30
2025-03-16,Oud-Heverlee Leuven,Sint-Truidense VV,3,2,H,1,1,D,2024-25,BELGIAN_PRO,Matchday 30
2025-03-16,KV Mechelen,FCV Dender EH,2,1,H,0,0,D,2024-25,BELGIAN_PRO,Matchday 30
2025-03-29,Union Saint-Gilloise,Royal Antwerp,5,1,H,3,1,H,2024-25,BELGIAN_PRO,"Championship, Matchday 1"
2025-03-30,Club Brugge KV,RSC Anderlecht,2,0,H,1,0,H,2024-25,BELGIAN_PRO,"Championship, Matchday 1"
2025-03-30,KRC Genk,KAA Gent,4,0,H,1,0,H,2024-25,BELGIAN_PRO,"Championship, Matchday 1"
2025-04-05,KAA Gent,Union Saint-Gilloise,0,3,A,0,3,A,2024-25,BELGIAN_PRO,"Championship, Matchday 2"
2025-04-06,Royal Antwerp,Club Brugge KV,2,3,A,0,3,A,2024-25,BELGIAN_PRO,"Championship, Matchday 2"
2025-04-06,RSC Anderlecht,KRC Genk,1,2,A,0,1,A,2024-25,BELGIAN_PRO,"Championship, Matchday 2"
2025-04-12,Union Saint-Gilloise,RSC Anderlecht,2,0,H,1,0,H,2024-25,BELGIAN_PRO,"Championship, Matchday 3"
2025-04-13,Royal Antwerp,KAA Gent,0,1,A,0,1,A,2024-25,BELGIAN_PRO,"Championship, Matchday 3"
2025-04-13,Club Brugge KV,KRC Genk,1,0,H,0,0,D,2024-25,BELGIAN_PRO,"Championship, Matchday 3"
2025-04-20,RSC Anderlecht,Royal Antwerp,0,0,D,0,0,D,2024-25,BELGIAN_PRO,"Championship, Matchday 4"
2025-04-20,KRC Genk,Union Saint-Gilloise,1,2,A,0,1,A,2024-25,BELGIAN_PRO,"Championship, Matchday 4"
2025-04-20,KAA Gent,Club Brugge KV,0,5,A,0,3,A,2024-25,BELGIAN_PRO,"Championship, Matchday 4"
2025-04-23,Royal Antwerp,KRC Genk,1,1,D,0,0,D,2024-25,BELGIAN_PRO,"Championship, Matchday 5"
2025-04-23,RSC Anderlecht,KAA Gent,5,0,H,3,0,H,2024-25,BELGIAN_PRO,"Championship, Matchday 5"
2025-04-24,Club Brugge KV,Union Saint-Gilloise,0,1,A,0,1,A,2024-25,BELGIAN_PRO,"Championship, Matchday 5"
2025-04-27,KAA Gent,RSC Anderlecht,0,1,A,0,0,D,2024-25,BELGIAN_PRO,"Championship, Matchday 6"
2025-04-27,KRC Genk,Royal Antwerp,0,1,A,0,1,A,2024-25,BELGIAN_PRO,"Championship, Matchday 6"
2025-04-27,Union Saint-Gilloise,Club Brugge KV,0,0,D,0,0,D,2024-25,BELGIAN_PRO,"Championship, Matchday 6"
2025-05-01,Royal Antwerp,RSC Anderlecht,1,3,A,0,0,D,2024-25,BELGIAN_PRO,"Championship, Matchday 7"
2025-05-01,Club Brugge KV,KAA Gent,4,1,H,1,1,D,2024-25,BELGIAN_PRO,"Championship, Matchday 7"
2025-05-03,Union Saint-Gilloise,KRC Genk,1,0,H,0,0,D,2024-25,BELGIAN_PRO,"Championship, Matchday 7"
2025-05-10,RSC Anderlecht,Union Saint-Gilloise,0,1,A,0,1,A,2024-25,BELGIAN_PRO,"Championship, Matchday 8"
2025-05-11,KAA Gent,Royal Antwerp,0,3,A,0,2,A,2024-25,BELGIAN_PRO,"Championship, Matchday 8"
2025-05-11,KRC Genk,Club Brugge KV,0,2,A,0,1,A,2024-25,BELGIAN_PRO,"Championship, Matchday 8"
2025-05-17,Royal Antwerp,Union Saint-Gilloise,0,4,A,0,3,A,2024-25,BELGIAN_PRO,"Championship, Matchday 9"
2025-05-18,RSC Anderlecht,Club Brugge KV,1,3,A,1,3,A,2024-25,BELGIAN_PRO,"Championship, Matchday 9"
2025-05-18,KAA Gent,KRC Genk,1,4,A,1,2,A,2024-25,BELGIAN_PRO,"Championship, Matchday 9"
2025-05-25,Club Brugge KV,Royal Antwerp,1,1,D,1,1,D,2024-25,BELGIAN_PRO,"Championship, Matchday 10"
2025-05-25,Union Saint-Gilloise,KAA Gent,3,1,H,1,1,D,2024-25,BELGIAN_PRO,"Championship, Matchday 10"
2025-05-25,KRC Genk,RSC Anderlecht,2,1,H,1,1,D,2024-25,BELGIAN_PRO,"Championship, Matchday 10"
2025-05-29,Royal Antwerp,Sporting Charleroi,1,2,A,0,0,D,2024-25,BELGIAN_PRO,"ECL Playoff, Final"
2025-03-28,Oud-Heverlee Leuven,Sporting Charleroi,0,0,D,0,0,D,2024-25,BELGIAN_PRO,"Europe, Matchday 1"
2025-03-29,Standard Liège,KV Mechelen,2,2,D,2,1,H,2024-25,BELGIAN_PRO,"Europe, Matchday 1"
2025-03-30,FCV Dender EH,KVC Westerlo,1,0,H,1,0,H,2024-25,BELGIAN_PRO,"Europe, Matchday 1"
2025-04-04,KV Mechelen,FCV Dender EH,5,2,H,4,0,H,2024-25,BELGIAN_PRO,"Europe, Matchday 2"
2025-04-05,KVC Westerlo,Oud-Heverlee Leuven,2,2,D,0,0,D,2024-25,BELGIAN_PRO,"Europe, Matchday 2"
2025-04-06,Sporting Charleroi,Standard Liège,1,0,H,1,0,H,2024-25,BELGIAN_PRO,"Europe, Matchday 2"
2025-04-11,KVC Westerlo,Sporting Charleroi,2,2,D,1,1,D,2024-25,BELGIAN_PRO,"Europe, Matchday 3"
2025-04-13,KV Mechelen,Oud-Heverlee Leuven,1,1,D,1,1,D,2024-25,BELGIAN_PRO,"Europe, Matchday 3"
2025-04-13,FCV Dender EH,Standard Liège,1,1,D,1,1,D,2024-25,BELGIAN_PRO,"Europe, Matchday 3"
2025-04-19,Oud-Heverlee Leuven,FCV Dender EH,4,4,D,3,1,H,2024-25,BELGIAN_PRO,"Europe, Matchday 4"
2025-04-19,Sporting Charleroi,KV Mechelen,3,0,H,2,0,H,2024-25,BELGIAN_PRO,"Europe, Matchday 4"
2025-04-19,Standard Liège,KVC Westerlo,1,1,D,0,0,D,2024-25,BELGIAN_PRO,"Europe, Matchday 4"
2025-04-22,Standard Liège,Oud-Heverlee Leuven,0,1,A,0,0,D,2024-25,BELGIAN_PRO,"Europe, Matchday 5"
2025-04-22,KV Mechelen,KVC Westerlo,2,3,A,1,1,D,2024-25,BELGIAN_PRO,"Europe, Matchday 5"
2025-04-22,FCV Dender EH,Sporting Charleroi,2,1,H,0,1,A,2024-25,BELGIAN_PRO,"Europe, Matchday 5"
2025-04-26,Oud-Heverlee Leuven,Standard Liège,1,1,D,1,0,H,2024-25,BELGIAN_PRO,"Europe, Matchday 6"
2025-04-26,KVC Westerlo,KV Mechelen,2,2,D,0,0,D,2024-25,BELGIAN_PRO,"Europe, Matchday 6"
2025-04-26,Sporting Charleroi,FCV Dender EH,4,1,H,1,0,H,2024-25,BELGIAN_PRO,"Europe, Matchday 6"
2025-05-02,KVC Westerlo,FCV Dender EH,4,2,H,1,1,D,2024-25,BELGIAN_PRO,"Europe, Matchday 7"
2025-05-03,Oud-Heverlee Leuven,KV Mechelen,1,2,A,0,1,A,2024-25,BELGIAN_PRO,"Europe, Matchday 7"
2025-05-04,Standard Liège,Sporting Charleroi,0,1,A,0,0,D,2024-25,BELGIAN_PRO,"Europe, Matchday 7"
2025-05-09,Sporting Charleroi,KVC Westerlo,4,3,H,1,2,A,2024-25,BELGIAN_PRO,"Europe, Matchday 8"
2025-05-10,KV Mechelen,Standard Liège,0,0,D,0,0,D,2024-25,BELGIAN_PRO,"Europe, Matchday 8"
2025-05-11,FCV Dender EH,Oud-Heverlee Leuven,5,0,H,4,0,H,2024-25,BELGIAN_PRO,"Europe, Matchday 8"
2025-05-16,Oud-Heverlee Leuven,KVC Westerlo,0,2,A,0,1,A,2024-25,BELGIAN_PRO,"Europe, Matchday 9"
2025-05-17,Standard Liège,FCV Dender EH,0,0,D,0,0,D,2024-25,BELGIAN_PRO,"Europe, Matchday 9"
2025-05-18,KV Mechelen,Sporting Charleroi,1,1,D,0,1,A,2024-25,BELGIAN_PRO,"Europe, Matchday 9"
2025-05-24,Sporting Charleroi,Oud-Heverlee Leuven,2,1,H,1,1,D,2024-25,BELGIAN_PRO,"Europe, Matchday 10"
2025-05-24,KVC Westerlo,Standard Liège,0,0,D,0,0,D,2024-25,BELGIAN_PRO,"Europe, Matchday 10"
2025-05-24,FCV Dender EH,KV Mechelen,2,2,D,2,2,D,2024-25,BELGIAN_PRO,"Europe, Matchday 10"
2025-03-29,K Beerschot VA,Sint-Truidense VV,0,1,A,0,0,D,2024-25,BELGIAN_PRO,"Relegation, Matchday 1"
2025-03-30,KV Kortrijk,Cercle Brugge,2,2,D,1,0,H,2024-25,BELGIAN_PRO,"Relegation, Matchday 1"
2025-04-05,Cercle Brugge,K Beerschot VA,2,1,H,1,0,H,2024-25,BELGIAN_PRO,"Relegation, Matchday 2"
2025-04-06,Sint-Truidense VV,KV Kortrijk,0,3,A,0,3,A,2024-25,BELGIAN_PRO,"Relegation, Matchday 2"
2025-04-12,KV Kortrijk,K Beerschot VA,3,2,H,2,2,D,2024-25,BELGIAN_PRO,"Relegation, Matchday 3"
2025-04-12,Sint-Truidense VV,Cercle Brugge,3,1,H,2,1,H,2024-25,BELGIAN_PRO,"Relegation, Matchday 3"
2025-04-25,K Beerschot VA,KV Kortrijk,2,0,H,2,0,H,2024-25,BELGIAN_PRO,"Relegation, Matchday 4"
2025-04-26,Cercle Brugge,Sint-Truidense VV,3,1,H,2,0,H,2024-25,BELGIAN_PRO,"Relegation, Matchday 4"
2025-05-03,Cercle Brugge,KV Kortrijk,0,2,A,0,2,A,2024-25,BELGIAN_PRO,"Relegation, Matchday 5"
2025-05-04,Sint-Truidense VV,K Beerschot VA,2,1,H,1,0,H,2024-25,BELGIAN_PRO,"Relegation, Matchday 5"
2025-05-10,K Beerschot VA,Cercle Brugge,4,2,H,0,1,A,2024-25,BELGIAN_PRO,"Relegation, Matchday 6"
2025-05-10,KV Kortrijk,Sint-Truidense VV,2,2,D,2,2,D,2024-25,BELGIAN_PRO,"Relegation, Matchday 6"
