Date,HomeTeam,AwayTeam,FTHG,FTAG,FTR,HTHG,HTAG,HTR,Season,League,Round
2025-08-01,FC Schalke 04,Hertha BSC,2,1,H,2,0,H,2025-26,BUNDESLIGA_2,1. Round
2025-08-02,SV 07 Elversberg,1. FC Nürnberg,1,0,H,0,0,D,2025-26,BUNDESLIGA_2,1. Round
2025-08-02,SC Paderborn 07,Holstein Kiel,2,1,H,1,0,H,2025-26,BUNDESLIGA_2,1. Round
2025-08-02,Karlsruher,Preußen Münster,3,2,H,2,1,H,2025-26,BUNDESLIGA_2,1. Round
2025-08-02,SV Darmstadt 98,VfL Bochum,4,1,H,2,1,H,2025-26,BUNDESLIGA_2,1. Round
2025-08-02,Arminia Bielefeld,Fortuna Düsseldorf,5,1,H,1,1,D,2025-26,BUNDESLIGA_2,1. Round
2025-08-03,1. FC Magdeburg,Eintracht Braunschweig,0,1,A,0,0,D,2025-26,BUNDESLIGA_2,1. Round
2025-08-03,Hannover 96,1. FC Kaiserslautern,1,0,H,0,0,D,2025-26,BUNDESLIGA_2,1. Round
2025-08-03,SpVgg Greuther Fürth,Dynamo Dresden,3,2,H,2,1,H,2025-26,BUNDESLIGA_2,1. Round
2025-08-08,1. FC Nürnberg,SV Darmstadt 98,0,1,A,0,0,D,2025-26,BUNDESLIGA_2,2. Round
2025-08-08,Preußen Münster,SC Paderborn 07,1,1,D,0,1,A,2025-26,BUNDESLIGA_2,2. Round
2025-08-09,Fortuna Düsseldorf,Hannover 96,0,2,A,0,0,D,2025-26,BUNDESLIGA_2,2. Round
2025-08-09,Eintracht Braunschweig,SpVgg Greuther Fürth,3,2,H,2,1,H,2025-26,BUNDESLIGA_2,2. Round
2025-08-09,Dynamo Dresden,1. FC Magdeburg,1,2,A,1,2,A,2025-26,BUNDESLIGA_2,2. Round
2025-08-09,1. FC Kaiserslautern,FC Schalke 04,1,0,H,0,0,D,2025-26,BUNDESLIGA_2,2. Round
2025-08-10,Holstein Kiel,Arminia Bielefeld,0,2,A,0,2,A,2025-26,BUNDESLIGA_2,2. Round
2025-08-10,VfL Bochum,SV 07 Elversberg,2,0,H,0,0,D,2025-26,BUNDESLIGA_2,2. Round
2025-08-10,Hertha BSC,Karlsruher,0,0,D,0,0,D,2025-26,BUNDESLIGA_2,2. Round
2025-08-22,SV 07 Elversberg,1. FC Kaiserslautern,2,1,H,1,0,H,2025-26,BUNDESLIGA_2,3. Round
2025-08-22,Preußen Münster,1. FC Nürnberg,2,1,H,2,0,H,2025-26,BUNDESLIGA_2,3. Round
2025-08-23,SC Paderborn 07,Fortuna Düsseldorf,1,2,A,0,2,A,2025-26,BUNDESLIGA_2,3. Round
2025-08-23,Karlsruher,Eintracht Braunschweig,2,0,H,1,0,H,2025-26,BUNDESLIGA_2,3. Round
2025-08-23,Hannover 96,1. FC Magdeburg,3,1,H,2,0,H,2025-26,BUNDESLIGA_2,3. Round
2025-08-23,FC Schalke 04,VfL Bochum,2,1,H,0,0,D,2025-26,BUNDESLIGA_2,3. Round
2025-08-24,SV Darmstadt 98,Hertha BSC,0,0,D,0,0,D,2025-26,BUNDESLIGA_2,3. Round
2025-08-24,SpVgg Greuther Fürth,Holstein Kiel,0,2,A,0,1,A,2025-26,BUNDESLIGA_2,3. Round
2025-08-24,Arminia Bielefeld,Dynamo Dresden,1,2,A,0,1,A,2025-26,BUNDESLIGA_2,3. Round
2025-08-29,1. FC Nürnberg,SC Paderborn 07,0,0,D,0,0,D,2025-26,BUNDESLIGA_2,4. Round
2025-08-29,Hertha BSC,SV 07 Elversberg,0,2,A,0,1,A,2025-26,BUNDESLIGA_2,4. Round
2025-08-30,Holstein Kiel,Hannover 96,1,2,A,1,0,H,2025-26,BUNDESLIGA_2,4. Round
2025-08-30,VfL Bochum,Preußen Münster,1,2,A,1,1,D,2025-26,BUNDESLIGA_2,4. Round
2025-08-30,Eintracht Braunschweig,Arminia Bielefeld,1,1,D,0,0,D,2025-26,BUNDESLIGA_2,4. Round
2025-08-30,Fortuna Düsseldorf,Karlsruher,0,0,D,0,0,D,2025-26,BUNDESLIGA_2,4. Round
2025-08-31,1. FC Magdeburg,SpVgg Greuther Fürth,4,5,A,1,1,D,2025-26,BUNDESLIGA_2,4. Round
2025-08-31,1. FC Kaiserslautern,SV Darmstadt 98,3,1,H,0,0,D,2025-26,BUNDESLIGA_2,4. Round
2025-08-31,Dynamo Dresden,FC Schalke 04,0,1,A,0,0,D,2025-26,BUNDESLIGA_2,4. Round
2025-09-12,SC Paderborn 07,VfL Bochum,1,0,H,0,0,D,2025-26,BUNDESLIGA_2,5. Round
2025-09-12,Arminia Bielefeld,1. FC Magdeburg,2,0,H,0,0,D,2025-26,BUNDESLIGA_2,5. Round
2025-09-13,Karlsruher,1. FC Nürnberg,2,1,H,1,1,D,2025-26,BUNDESLIGA_2,5. Round
2025-09-13,SV Darmstadt 98,Eintracht Braunschweig,2,1,H,0,1,A,2025-26,BUNDESLIGA_2,5. Round
2025-09-13,FC Schalke 04,Holstein Kiel,0,1,A,0,1,A,2025-26,BUNDESLIGA_2,5. Round
2025-09-13,Hannover 96,Hertha BSC,0,3,A,0,0,D,2025-26,BUNDESLIGA_2,5. Round
2025-09-14,SV 07 Elversberg,Dynamo Dresden,2,2,D,1,2,A,2025-26,BUNDESLIGA_2,5. Round
2025-09-14,SpVgg Greuther Fürth,1. FC Kaiserslautern,0,3,A,0,1,A,2025-26,BUNDESLIGA_2,5. Round
2025-09-14,Preußen Münster,Fortuna Düsseldorf,1,2,A,1,0,H,2025-26,BUNDESLIGA_2,5. Round
2025-09-19,1. FC Kaiserslautern,Preußen Münster,4,1,H,3,0,H,2025-26,BUNDESLIGA_2,6. Round
2025-09-19,Arminia Bielefeld,SpVgg Greuther Fürth,1,3,A,0,1,A,2025-26,BUNDESLIGA_2,6. Round
2025-09-20,1. FC Magdeburg,FC Schalke 04,0,2,A,0,1,A,2025-26,BUNDESLIGA_2,6. Round
2025-09-20,Hertha BSC,SC Paderborn 07,0,2,A,0,1,A,2025-26,BUNDESLIGA_2,6. Round
2025-09-20,Eintracht Braunschweig,SV 07 Elversberg,1,4,A,1,2,A,2025-26,BUNDESLIGA_2,6. Round
2025-09-20,1. FC Nürnberg,VfL Bochum,2,1,H,0,0,D,2025-26,BUNDESLIGA_2,6. Round
2025-09-21,Holstein Kiel,Karlsruher,3,0,H,2,0,H,2025-26,BUNDESLIGA_2,6. Round
2025-09-21,Fortuna Düsseldorf,SV Darmstadt 98,0,3,A,0,0,D,2025-26,BUNDESLIGA_2,6. Round
2025-09-21,Dynamo Dresden,Hannover 96,2,2,D,2,2,D,2025-26,BUNDESLIGA_2,6. Round
2025-09-26,SV Darmstadt 98,Dynamo Dresden,2,0,H,1,0,H,2025-26,BUNDESLIGA_2,7. Round
2025-09-26,FC Schalke 04,SpVgg Greuther Fürth,1,0,H,0,0,D,2025-26,BUNDESLIGA_2,7. Round
2025-09-27,SV 07 Elversberg,Holstein Kiel,1,0,H,0,0,D,2025-26,BUNDESLIGA_2,7. Round
2025-09-27,SC Paderborn 07,1. FC Kaiserslautern,2,0,H,0,0,D,2025-26,BUNDESLIGA_2,7. Round
2025-09-27,Karlsruher,1. FC Magdeburg,1,0,H,0,0,D,2025-26,BUNDESLIGA_2,7. Round
2025-09-27,VfL Bochum,Fortuna Düsseldorf,0,1,A,0,1,A,2025-26,BUNDESLIGA_2,7. Round
2025-09-28,Hannover 96,Arminia Bielefeld,3,1,H,0,1,A,2025-26,BUNDESLIGA_2,7. Round
2025-09-28,1. FC Nürnberg,Hertha BSC,0,3,A,0,2,A,2025-26,BUNDESLIGA_2,7. Round
2025-09-28,Preußen Münster,Eintracht Braunschweig,3,1,H,1,0,H,2025-26,BUNDESLIGA_2,7. Round
2025-10-03,Fortuna Düsseldorf,1. FC Nürnberg,2,3,A,0,1,A,2025-26,BUNDESLIGA_2,8. Round
2025-10-03,Eintracht Braunschweig,SC Paderborn 07,1,2,A,0,1,A,2025-26,BUNDESLIGA_2,8. Round
2025-10-04,Holstein Kiel,SV Darmstadt 98,1,1,D,0,0,D,2025-26,BUNDESLIGA_2,8. Round
2025-10-04,1. FC Kaiserslautern,VfL Bochum,3,2,H,1,1,D,2025-26,BUNDESLIGA_2,8. Round
2025-10-04,Hertha BSC,Preußen Münster,2,1,H,1,0,H,2025-26,BUNDESLIGA_2,8. Round
2025-10-04,Dynamo Dresden,Karlsruher,3,3,D,1,2,A,2025-26,BUNDESLIGA_2,8. Round
2025-10-05,1. FC Magdeburg,SV 07 Elversberg,0,4,A,0,2,A,2025-26,BUNDESLIGA_2,8. Round
2025-10-05,SpVgg Greuther Fürth,Hannover 96,2,2,D,1,1,D,2025-26,BUNDESLIGA_2,8. Round
2025-10-05,Arminia Bielefeld,FC Schalke 04,1,2,A,0,2,A,2025-26,BUNDESLIGA_2,8. Round
2025-10-17,Fortuna Düsseldorf,Eintracht Braunschweig,1,2,A,0,2,A,2025-26,BUNDESLIGA_2,9. Round
2025-10-17,Hannover 96,FC Schalke 04,0,3,A,0,2,A,2025-26,BUNDESLIGA_2,9. Round
2025-10-18,SC Paderborn 07,Arminia Bielefeld,4,3,H,1,2,A,2025-26,BUNDESLIGA_2,9. Round
2025-10-18,Karlsruher,1. FC Kaiserslautern,2,3,A,0,1,A,2025-26,BUNDESLIGA_2,9. Round
2025-10-18,Preußen Münster,Dynamo Dresden,2,2,D,0,1,A,2025-26,BUNDESLIGA_2,9. Round
2025-10-18,VfL Bochum,Hertha BSC,3,2,H,2,0,H,2025-26,BUNDESLIGA_2,9. Round
2025-10-19,SV 07 Elversberg,SpVgg Greuther Fürth,6,0,H,1,0,H,2025-26,BUNDESLIGA_2,9. Round
2025-10-19,1. FC Nürnberg,Holstein Kiel,1,1,D,1,0,H,2025-26,BUNDESLIGA_2,9. Round
2025-10-19,SV Darmstadt 98,1. FC Magdeburg,0,0,D,0,0,D,2025-26,BUNDESLIGA_2,9. Round
2025-10-24,SpVgg Greuther Fürth,Karlsruher,1,4,A,0,2,A,2025-26,BUNDESLIGA_2,10. Round
2025-10-24,FC Schalke 04,SV Darmstadt 98,1,0,H,1,0,H,2025-26,BUNDESLIGA_2,10. Round
2025-10-25,Holstein Kiel,VfL Bochum,1,1,D,0,0,D,2025-26,BUNDESLIGA_2,10. Round
2025-10-25,Arminia Bielefeld,SV 07 Elversberg,2,0,H,2,0,H,2025-26,BUNDESLIGA_2,10. Round
2025-10-25,Dynamo Dresden,SC Paderborn 07,1,2,A,1,1,D,2025-26,BUNDESLIGA_2,10. Round
2025-10-25,Hertha BSC,Fortuna Düsseldorf,1,0,H,0,0,D,2025-26,BUNDESLIGA_2,10. Round
2025-10-26,1. FC Magdeburg,Preußen Münster,2,0,H,0,0,D,2025-26,BUNDESLIGA_2,10. Round
2025-10-26,1. FC Kaiserslautern,1. FC Nürnberg,1,1,D,1,0,H,2025-26,BUNDESLIGA_2,10. Round
2025-10-26,Eintracht Braunschweig,Hannover 96,0,3,A,0,2,A,2025-26,BUNDESLIGA_2,10. Round
2025-10-31,SV 07 Elversberg,Hannover 96,2,2,D,1,1,D,2025-26,BUNDESLIGA_2,11. Round
2025-10-31,Preußen Münster,Holstein Kiel,2,1,H,0,1,A,2025-26,BUNDESLIGA_2,11. Round
2025-11-01,Karlsruher,FC Schalke 04,2,1,H,0,0,D,2025-26,BUNDESLIGA_2,11. Round
2025-11-01,1. FC Nürnberg,Eintracht Braunschweig,2,1,H,2,1,H,2025-26,BUNDESLIGA_2,11. Round
2025-11-01,Hertha BSC,Dynamo Dresden,2,0,H,2,0,H,2025-26,BUNDESLIGA_2,11. Round
2025-11-01,SV Darmstadt 98,Arminia Bielefeld,2,2,D,2,1,H,2025-26,BUNDESLIGA_2,11. Round
2025-11-02,VfL Bochum,1. FC Magdeburg,2,0,H,1,0,H,2025-26,BUNDESLIGA_2,11. Round
2025-11-02,SC Paderborn 07,SpVgg Greuther Fürth,2,1,H,1,0,H,2025-26,BUNDESLIGA_2,11. Round
2025-11-02,Fortuna Düsseldorf,1. FC Kaiserslautern,1,1,D,0,0,D,2025-26,BUNDESLIGA_2,11. Round
2024-08-02,1. FC Köln,Hamburger SV,1,2,A,0,2,A,2024-25,BUNDESLIGA_2,Matchday 1
2024-08-03,Karlsruher,1. FC Nürnberg,3,2,H,1,2,A,2024-25,BUNDESLIGA_2,Matchday 1
2024-08-03,Hannover 96,Jahn Regensburg,2,0,H,2,0,H,2024-25,BUNDESLIGA_2,Matchday 1
2024-08-03,Hertha BSC,SC Paderborn 07,1,2,A,0,1,A,2024-25,BUNDESLIGA_2,Matchday 1
2024-08-03,1. FC Magdeburg,SV 07 Elversberg,0,0,D,0,0,D,2024-25,BUNDESLIGA_2,Matchday 1
2024-08-03,FC Schalke 04,Eintracht Braunschweig,5,1,H,2,1,H,2024-25,BUNDESLIGA_2,Matchday 1
2024-08-04,SV Darmstadt 98,Fortuna Düsseldorf,0,2,A,0,0,D,2024-25,BUNDESLIGA_2,Matchday 1
2024-08-04,SpVgg Greuther Fürth,Preußen Münster,3,1,H,1,1,D,2024-25,BUNDESLIGA_2,Matchday 1
2024-08-04,SSV Ulm 1846,1. FC Kaiserslautern,1,2,A,0,0,D,2024-25,BUNDESLIGA_2,Matchday 1
2024-08-09,1. FC Kaiserslautern,SpVgg Greuther Fürth,2,2,D,1,2,A,2024-25,BUNDESLIGA_2,Matchday 2
2024-08-09,Jahn Regensburg,SSV Ulm 1846,1,0,H,1,0,H,2024-25,BUNDESLIGA_2,Matchday 2
2024-08-10,Fortuna Düsseldorf,Karlsruher,0,0,D,0,0,D,2024-25,BUNDESLIGA_2,Matchday 2
2024-08-10,SV 07 Elversberg,1. FC Köln,2,2,D,0,1,A,2024-25,BUNDESLIGA_2,Matchday 2
2024-08-10,1. FC Nürnberg,FC Schalke 04,3,1,H,0,1,A,2024-25,BUNDESLIGA_2,Matchday 2
2024-08-10,Hamburger SV,Hertha BSC,1,1,D,1,0,H,2024-25,BUNDESLIGA_2,Matchday 2
2024-08-11,SC Paderborn 07,SV Darmstadt 98,3,1,H,0,1,A,2024-25,BUNDESLIGA_2,Matchday 2
2024-08-11,Eintracht Braunschweig,1. FC Magdeburg,1,3,A,0,1,A,2024-25,BUNDESLIGA_2,Matchday 2
2024-08-11,Preußen Münster,Hannover 96,0,0,D,0,0,D,2024-25,BUNDESLIGA_2,Matchday 2
2024-08-23,Karlsruher,SV 07 Elversberg,3,2,H,1,1,D,2024-25,BUNDESLIGA_2,Matchday 3
2024-08-23,Hannover 96,Hamburger SV,1,0,H,0,0,D,2024-25,BUNDESLIGA_2,Matchday 3
2024-08-24,SpVgg Greuther Fürth,SC Paderborn 07,1,1,D,0,0,D,2024-25,BUNDESLIGA_2,Matchday 3
2024-08-24,Hertha BSC,Jahn Regensburg,2,0,H,0,0,D,2024-25,BUNDESLIGA_2,Matchday 3
2024-08-24,Preußen Münster,1. FC Kaiserslautern,0,1,A,0,0,D,2024-25,BUNDESLIGA_2,Matchday 3
2024-08-24,1. FC Köln,Eintracht Braunschweig,5,0,H,2,0,H,2024-25,BUNDESLIGA_2,Matchday 3
2024-08-25,SV Darmstadt 98,1. FC Nürnberg,1,1,D,1,0,H,2024-25,BUNDESLIGA_2,Matchday 3
2024-08-25,1. FC Magdeburg,FC Schalke 04,2,2,D,2,1,H,2024-25,BUNDESLIGA_2,Matchday 3
2024-08-25,SSV Ulm 1846,Fortuna Düsseldorf,1,2,A,1,0,H,2024-25,BUNDESLIGA_2,Matchday 3
2024-08-30,Fortuna Düsseldorf,Hannover 96,1,0,H,0,0,D,2024-25,BUNDESLIGA_2,Matchday 4
2024-08-30,Jahn Regensburg,SpVgg Greuther Fürth,0,4,A,0,1,A,2024-25,BUNDESLIGA_2,Matchday 4
2024-08-31,Hamburger SV,Preußen Münster,4,1,H,3,0,H,2024-25,BUNDESLIGA_2,Matchday 4
2024-08-31,SV 07 Elversberg,SV Darmstadt 98,4,0,H,2,0,H,2024-25,BUNDESLIGA_2,Matchday 4
2024-08-31,1. FC Nürnberg,1. FC Magdeburg,0,4,A,0,1,A,2024-25,BUNDESLIGA_2,Matchday 4
2024-08-31,1. FC Kaiserslautern,Hertha BSC,3,4,A,2,1,H,2024-25,BUNDESLIGA_2,Matchday 4
2024-09-01,SC Paderborn 07,SSV Ulm 1846,0,0,D,0,0,D,2024-25,BUNDESLIGA_2,Matchday 4
2024-09-01,FC Schalke 04,1. FC Köln,1,3,A,0,2,A,2024-25,BUNDESLIGA_2,Matchday 4
2024-09-01,Eintracht Braunschweig,Karlsruher,1,2,A,1,0,H,2024-25,BUNDESLIGA_2,Matchday 4
2024-09-13,Karlsruher,FC Schalke 04,2,0,H,1,0,H,2024-25,BUNDESLIGA_2,Matchday 5
2024-09-13,Preußen Münster,SC Paderborn 07,3,3,D,1,1,D,2024-25,BUNDESLIGA_2,Matchday 5
2024-09-14,SV Darmstadt 98,Eintracht Braunschweig,1,1,D,1,0,H,2024-25,BUNDESLIGA_2,Matchday 5
2024-09-14,Hannover 96,1. FC Kaiserslautern,3,1,H,1,0,H,2024-25,BUNDESLIGA_2,Matchday 5
2024-09-14,SSV Ulm 1846,1. FC Nürnberg,1,2,A,0,0,D,2024-25,BUNDESLIGA_2,Matchday 5
2024-09-14,1. FC Köln,1. FC Magdeburg,1,2,A,0,0,D,2024-25,BUNDESLIGA_2,Matchday 5
2024-09-15,Hamburger SV,Jahn Regensburg,5,0,H,2,0,H,2024-25,BUNDESLIGA_2,Matchday 5
2024-09-15,SpVgg Greuther Fürth,SV 07 Elversberg,0,0,D,0,0,D,2024-25,BUNDESLIGA_2,Matchday 5
2024-09-15,Hertha BSC,Fortuna Düsseldorf,0,2,A,0,1,A,2024-25,BUNDESLIGA_2,Matchday 5
2024-09-20,SC Paderborn 07,Hannover 96,2,1,H,1,1,D,2024-25,BUNDESLIGA_2,Matchday 6
2024-09-20,FC Schalke 04,SV Darmstadt 98,3,5,A,3,1,H,2024-25,BUNDESLIGA_2,Matchday 6
2024-09-21,Fortuna Düsseldorf,1. FC Köln,2,2,D,1,1,D,2024-25,BUNDESLIGA_2,Matchday 6
2024-09-21,1. FC Nürnberg,Hertha BSC,0,2,A,0,1,A,2024-25,BUNDESLIGA_2,Matchday 6
2024-09-21,Eintracht Braunschweig,SpVgg Greuther Fürth,2,0,H,1,0,H,2024-25,BUNDESLIGA_2,Matchday 6
2024-09-21,1. FC Kaiserslautern,Hamburger SV,2,2,D,1,0,H,2024-25,BUNDESLIGA_2,Matchday 6
2024-09-22,SV 07 Elversberg,SSV Ulm 1846,1,3,A,0,1,A,2024-25,BUNDESLIGA_2,Matchday 6
2024-09-22,1. FC Magdeburg,Karlsruher,2,2,D,1,2,A,2024-25,BUNDESLIGA_2,Matchday 6
2024-09-22,Jahn Regensburg,Preußen Münster,0,3,A,0,1,A,2024-25,BUNDESLIGA_2,Matchday 6
2024-09-27,SpVgg Greuther Fürth,Fortuna Düsseldorf,1,2,A,1,1,D,2024-25,BUNDESLIGA_2,Matchday 7
2024-09-27,SSV Ulm 1846,Eintracht Braunschweig,3,1,H,2,0,H,2024-25,BUNDESLIGA_2,Matchday 7
2024-09-28,SV Darmstadt 98,1. FC Magdeburg,1,2,A,1,1,D,2024-25,BUNDESLIGA_2,Matchday 7
2024-09-28,Hamburger SV,SC Paderborn 07,2,2,D,0,0,D,2024-25,BUNDESLIGA_2,Matchday 7
2024-09-28,Jahn Regensburg,1. FC Kaiserslautern,0,0,D,0,0,D,2024-25,BUNDESLIGA_2,Matchday 7
2024-09-28,Preußen Münster,FC Schalke 04,1,2,A,0,0,D,2024-25,BUNDESLIGA_2,Matchday 7
2024-09-29,Hannover 96,1. FC Nürnberg,2,0,H,0,0,D,2024-25,BUNDESLIGA_2,Matchday 7
2024-09-29,Hertha BSC,SV 07 Elversberg,1,4,A,0,2,A,2024-25,BUNDESLIGA_2,Matchday 7
2024-09-29,1. FC Köln,Karlsruher,4,4,D,4,2,H,2024-25,BUNDESLIGA_2,Matchday 7
2024-10-04,Karlsruher,SV Darmstadt 98,3,3,D,2,1,H,2024-25,BUNDESLIGA_2,Matchday 8
2024-10-04,SC Paderborn 07,Jahn Regensburg,3,0,H,1,0,H,2024-25,BUNDESLIGA_2,Matchday 8
2024-10-05,1. FC Köln,SSV Ulm 1846,2,0,H,1,0,H,2024-25,BUNDESLIGA_2,Matchday 8
2024-10-05,SV 07 Elversberg,1. FC Kaiserslautern,1,0,H,0,0,D,2024-25,BUNDESLIGA_2,Matchday 8
2024-10-05,1. FC Nürnberg,Preußen Münster,3,2,H,1,2,A,2024-25,BUNDESLIGA_2,Matchday 8
2024-10-05,FC Schalke 04,Hertha BSC,2,2,D,2,1,H,2024-25,BUNDESLIGA_2,Matchday 8
2024-10-06,Fortuna Düsseldorf,Hamburger SV,0,3,A,0,1,A,2024-25,BUNDESLIGA_2,Matchday 8
2024-10-06,1. FC Magdeburg,SpVgg Greuther Fürth,2,2,D,2,1,H,2024-25,BUNDESLIGA_2,Matchday 8
2024-10-06,Eintracht Braunschweig,Hannover 96,2,0,H,1,0,H,2024-25,BUNDESLIGA_2,Matchday 8
2024-10-18,SV Darmstadt 98,1. FC Köln,5,1,H,2,1,H,2024-25,BUNDESLIGA_2,Matchday 9
2024-10-18,Hertha BSC,Eintracht Braunschweig,3,1,H,0,1,A,2024-25,BUNDESLIGA_2,Matchday 9
2024-10-19,Hannover 96,FC Schalke 04,1,0,H,1,0,H,2024-25,BUNDESLIGA_2,Matchday 9
2024-10-19,Preußen Münster,SV 07 Elversberg,1,1,D,1,0,H,2024-25,BUNDESLIGA_2,Matchday 9
2024-10-19,Jahn Regensburg,Fortuna Düsseldorf,0,3,A,0,1,A,2024-25,BUNDESLIGA_2,Matchday 9
2024-10-19,1. FC Kaiserslautern,SC Paderborn 07,3,0,H,1,0,H,2024-25,BUNDESLIGA_2,Matchday 9
2024-10-20,Hamburger SV,1. FC Magdeburg,3,1,H,3,0,H,2024-25,BUNDESLIGA_2,Matchday 9
2024-10-20,SpVgg Greuther Fürth,1. FC Nürnberg,0,4,A,0,3,A,2024-25,BUNDESLIGA_2,Matchday 9
2024-10-20,SSV Ulm 1846,Karlsruher,0,1,A,0,0,D,2024-25,BUNDESLIGA_2,Matchday 9
2024-10-25,1. FC Köln,SC Paderborn 07,1,2,A,0,0,D,2024-25,BUNDESLIGA_2,Matchday 10
2024-10-25,1. FC Nürnberg,Jahn Regensburg,8,3,H,3,2,H,2024-25,BUNDESLIGA_2,Matchday 10
2024-10-26,Karlsruher,Hertha BSC,1,3,A,1,1,D,2024-25,BUNDESLIGA_2,Matchday 10
2024-10-26,FC Schalke 04,SpVgg Greuther Fürth,3,4,A,1,3,A,2024-25,BUNDESLIGA_2,Matchday 10
2024-10-26,SV 07 Elversberg,Hamburger SV,4,2,H,1,1,D,2024-25,BUNDESLIGA_2,Matchday 10
2024-10-26,Fortuna Düsseldorf,1. FC Kaiserslautern,3,4,A,1,1,D,2024-25,BUNDESLIGA_2,Matchday 10
2024-10-27,SV Darmstadt 98,SSV Ulm 1846,1,1,D,1,1,D,2024-25,BUNDESLIGA_2,Matchday 10
2024-10-27,1. FC Magdeburg,Hannover 96,0,3,A,0,2,A,2024-25,BUNDESLIGA_2,Matchday 10
2024-10-27,Eintracht Braunschweig,Preußen Münster,1,1,D,1,1,D,2024-25,BUNDESLIGA_2,Matchday 10
2024-11-01,SSV Ulm 1846,FC Schalke 04,0,0,D,0,0,D,2024-25,BUNDESLIGA_2,Matchday 11
2024-11-01,Preußen Münster,Fortuna Düsseldorf,1,0,H,1,0,H,2024-25,BUNDESLIGA_2,Matchday 11
2024-11-02,Hannover 96,Karlsruher,2,1,H,0,1,A,2024-25,BUNDESLIGA_2,Matchday 11
2024-11-02,SpVgg Greuther Fürth,SV Darmstadt 98,1,5,A,0,3,A,2024-25,BUNDESLIGA_2,Matchday 11
2024-11-02,Jahn Regensburg,SV 07 Elversberg,1,0,H,1,0,H,2024-25,BUNDESLIGA_2,Matchday 11
2024-11-02,Hertha BSC,1. FC Köln,0,1,A,0,1,A,2024-25,BUNDESLIGA_2,Matchday 11
2024-11-03,Hamburger SV,1. FC Nürnberg,1,1,D,1,0,H,2024-25,BUNDESLIGA_2,Matchday 11
2024-11-03,SC Paderborn 07,Eintracht Braunschweig,0,0,D,0,0,D,2024-25,BUNDESLIGA_2,Matchday 11
2024-11-03,1. FC Kaiserslautern,1. FC Magdeburg,2,2,D,1,2,A,2024-25,BUNDESLIGA_2,Matchday 11
2024-11-08,1. FC Nürnberg,1. FC Kaiserslautern,0,0,D,0,0,D,2024-25,BUNDESLIGA_2,Matchday 12
2024-11-08,Eintracht Braunschweig,Hamburger SV,3,1,H,1,0,H,2024-25,BUNDESLIGA_2,Matchday 12
2024-11-09,1. FC Köln,SpVgg Greuther Fürth,1,0,H,0,0,D,2024-25,BUNDESLIGA_2,Matchday 12
2024-11-09,SV Darmstadt 98,Hertha BSC,3,1,H,1,1,D,2024-25,BUNDESLIGA_2,Matchday 12
2024-11-09,1. FC Magdeburg,SSV Ulm 1846,0,0,D,0,0,D,2024-25,BUNDESLIGA_2,Matchday 12
2024-11-09,Fortuna Düsseldorf,SC Paderborn 07,1,1,D,0,0,D,2024-25,BUNDESLIGA_2,Matchday 12
2024-11-10,Karlsruher,Preußen Münster,1,1,D,1,0,H,2024-25,BUNDESLIGA_2,Matchday 12
2024-11-10,FC Schalke 04,Jahn Regensburg,2,0,H,1,0,H,2024-25,BUNDESLIGA_2,Matchday 12
2024-11-10,SV 07 Elversberg,Hannover 96,3,1,H,2,0,H,2024-25,BUNDESLIGA_2,Matchday 12
2024-11-22,SC Paderborn 07,1. FC Nürnberg,3,2,H,1,1,D,2024-25,BUNDESLIGA_2,Matchday 13
2024-11-22,Preußen Münster,1. FC Köln,0,1,A,0,0,D,2024-25,BUNDESLIGA_2,Matchday 13
2024-11-23,Fortuna Düsseldorf,SV 07 Elversberg,0,2,A,0,0,D,2024-25,BUNDESLIGA_2,Matchday 13
2024-11-23,Hannover 96,SV Darmstadt 98,1,2,A,0,0,D,2024-25,BUNDESLIGA_2,Matchday 13
2024-11-23,SpVgg Greuther Fürth,Karlsruher,2,3,A,1,0,H,2024-25,BUNDESLIGA_2,Matchday 13
2024-11-23,Hertha BSC,SSV Ulm 1846,2,2,D,1,1,D,2024-25,BUNDESLIGA_2,Matchday 13
2024-11-23,Hamburger SV,FC Schalke 04,2,2,D,2,0,H,2024-25,BUNDESLIGA_2,Matchday 13
2024-11-24,1. FC Kaiserslautern,Eintracht Braunschweig,3,2,H,3,1,H,2024-25,BUNDESLIGA_2,Matchday 13
2024-11-24,Jahn Regensburg,1. FC Magdeburg,0,1,A,0,1,A,2024-25,BUNDESLIGA_2,Matchday 13
2024-11-29,FC Schalke 04,1. FC Kaiserslautern,0,3,A,0,1,A,2024-25,BUNDESLIGA_2,Matchday 14
2024-11-29,1. FC Magdeburg,Hertha BSC,1,3,A,0,0,D,2024-25,BUNDESLIGA_2,Matchday 14
2024-11-30,1. FC Köln,Hannover 96,2,2,D,0,1,A,2024-25,BUNDESLIGA_2,Matchday 14
2024-11-30,SV 07 Elversberg,SC Paderborn 07,1,3,A,1,1,D,2024-25,BUNDESLIGA_2,Matchday 14
2024-11-30,Eintracht Braunschweig,Jahn Regensburg,0,0,D,0,0,D,2024-25,BUNDESLIGA_2,Matchday 14
2024-11-30,SV Darmstadt 98,Preußen Münster,0,0,D,0,0,D,2024-25,BUNDESLIGA_2,Matchday 14
2024-12-01,Karlsruher,Hamburger SV,1,3,A,1,1,D,2024-25,BUNDESLIGA_2,Matchday 14
2024-12-01,1. FC Nürnberg,Fortuna Düsseldorf,2,2,D,1,0,H,2024-25,BUNDESLIGA_2,Matchday 14
2024-12-01,SSV Ulm 1846,SpVgg Greuther Fürth,1,1,D,1,1,D,2024-25,BUNDESLIGA_2,Matchday 14
2024-12-06,SC Paderborn 07,FC Schalke 04,2,4,A,1,2,A,2024-25,BUNDESLIGA_2,Matchday 15
2024-12-06,SV 07 Elversberg,1. FC Nürnberg,2,1,H,1,1,D,2024-25,BUNDESLIGA_2,Matchday 15
2024-12-07,Hannover 96,SSV Ulm 1846,3,2,H,0,1,A,2024-25,BUNDESLIGA_2,Matchday 15
2024-12-07,SpVgg Greuther Fürth,Hertha BSC,2,1,H,1,1,D,2024-25,BUNDESLIGA_2,Matchday 15
2024-12-07,1. FC Kaiserslautern,Karlsruher,3,1,H,1,0,H,2024-25,BUNDESLIGA_2,Matchday 15
2024-12-07,Preußen Münster,1. FC Magdeburg,1,2,A,1,1,D,2024-25,BUNDESLIGA_2,Matchday 15
2024-12-08,Fortuna Düsseldorf,Eintracht Braunschweig,5,0,H,3,0,H,2024-25,BUNDESLIGA_2,Matchday 15
2024-12-08,Hamburger SV,SV Darmstadt 98,2,2,D,2,1,H,2024-25,BUNDESLIGA_2,Matchday 15
2024-12-08,Jahn Regensburg,1. FC Köln,0,1,A,0,1,A,2024-25,BUNDESLIGA_2,Matchday 15
2024-12-13,Karlsruher,Jahn Regensburg,4,2,H,1,1,D,2024-25,BUNDESLIGA_2,Matchday 16
2024-12-13,Hertha BSC,Preußen Münster,1,2,A,1,0,H,2024-25,BUNDESLIGA_2,Matchday 16
2024-12-14,FC Schalke 04,Fortuna Düsseldorf,1,1,D,0,0,D,2024-25,BUNDESLIGA_2,Matchday 16
2024-12-14,1. FC Magdeburg,SC Paderborn 07,1,1,D,0,0,D,2024-25,BUNDESLIGA_2,Matchday 16
2024-12-14,SSV Ulm 1846,Hamburger SV,1,1,D,1,0,H,2024-25,BUNDESLIGA_2,Matchday 16
2024-12-14,SV Darmstadt 98,1. FC Kaiserslautern,5,1,H,2,0,H,2024-25,BUNDESLIGA_2,Matchday 16
2024-12-15,1. FC Köln,1. FC Nürnberg,3,1,H,3,0,H,2024-25,BUNDESLIGA_2,Matchday 16
2024-12-15,SpVgg Greuther Fürth,Hannover 96,1,0,H,0,0,D,2024-25,BUNDESLIGA_2,Matchday 16
2024-12-15,Eintracht Braunschweig,SV 07 Elversberg,0,3,A,0,0,D,2024-25,BUNDESLIGA_2,Matchday 16
2024-12-20,Fortuna Düsseldorf,1. FC Magdeburg,2,5,A,2,1,H,2024-25,BUNDESLIGA_2,Matchday 17
2024-12-20,SV 07 Elversberg,FC Schalke 04,1,4,A,1,1,D,2024-25,BUNDESLIGA_2,Matchday 17
2024-12-21,Hamburger SV,SpVgg Greuther Fürth,5,0,H,3,0,H,2024-25,BUNDESLIGA_2,Matchday 17
2024-12-21,SC Paderborn 07,Karlsruher,1,2,A,1,2,A,2024-25,BUNDESLIGA_2,Matchday 17
2024-12-21,Preußen Münster,SSV Ulm 1846,0,0,D,0,0,D,2024-25,BUNDESLIGA_2,Matchday 17
2024-12-21,1. FC Nürnberg,Eintracht Braunschweig,1,0,H,0,0,D,2024-25,BUNDESLIGA_2,Matchday 17
2024-12-22,Hannover 96,Hertha BSC,0,0,D,0,0,D,2024-25,BUNDESLIGA_2,Matchday 17
2024-12-22,1. FC Kaiserslautern,1. FC Köln,0,1,A,0,1,A,2024-25,BUNDESLIGA_2,Matchday 17
2024-12-22,Jahn Regensburg,SV Darmstadt 98,2,1,H,0,0,D,2024-25,BUNDESLIGA_2,Matchday 17
2025-01-17,Fortuna Düsseldorf,SV Darmstadt 98,2,2,D,1,0,H,2024-25,BUNDESLIGA_2,Matchday 18
2025-01-17,Jahn Regensburg,Hannover 96,0,1,A,0,1,A,2024-25,BUNDESLIGA_2,Matchday 18
2025-01-18,Preußen Münster,SpVgg Greuther Fürth,2,1,H,1,1,D,2024-25,BUNDESLIGA_2,Matchday 18
2025-01-18,Eintracht Braunschweig,FC Schalke 04,0,0,D,0,0,D,2024-25,BUNDESLIGA_2,Matchday 18
2025-01-18,1. FC Kaiserslautern,SSV Ulm 1846,2,1,H,2,1,H,2024-25,BUNDESLIGA_2,Matchday 18
2025-01-18,Hamburger SV,1. FC Köln,1,0,H,0,0,D,2024-25,BUNDESLIGA_2,Matchday 18
2025-01-19,1. FC Nürnberg,Karlsruher,2,1,H,1,1,D,2024-25,BUNDESLIGA_2,Matchday 18
2025-01-19,SC Paderborn 07,Hertha BSC,1,2,A,0,1,A,2024-25,BUNDESLIGA_2,Matchday 18
2025-01-19,SV 07 Elversberg,1. FC Magdeburg,2,5,A,2,0,H,2024-25,BUNDESLIGA_2,Matchday 18
2025-01-24,SpVgg Greuther Fürth,1. FC Kaiserslautern,2,4,A,1,1,D,2024-25,BUNDESLIGA_2,Matchday 19
2025-01-24,1. FC Magdeburg,Eintracht Braunschweig,1,1,D,1,0,H,2024-25,BUNDESLIGA_2,Matchday 19
2025-01-25,Karlsruher,Fortuna Düsseldorf,2,3,A,2,0,H,2024-25,BUNDESLIGA_2,Matchday 19
2025-01-25,1. FC Köln,SV 07 Elversberg,1,0,H,0,0,D,2024-25,BUNDESLIGA_2,Matchday 19
2025-01-25,FC Schalke 04,1. FC Nürnberg,3,1,H,3,1,H,2024-25,BUNDESLIGA_2,Matchday 19
2025-01-25,Hertha BSC,Hamburger SV,2,3,A,0,1,A,2024-25,BUNDESLIGA_2,Matchday 19
2025-01-26,SV Darmstadt 98,SC Paderborn 07,0,1,A,0,1,A,2024-25,BUNDESLIGA_2,Matchday 19
2025-01-26,Hannover 96,Preußen Münster,2,2,D,1,1,D,2024-25,BUNDESLIGA_2,Matchday 19
2025-01-26,SSV Ulm 1846,Jahn Regensburg,5,1,H,3,0,H,2024-25,BUNDESLIGA_2,Matchday 19
2025-01-31,1. FC Nürnberg,SV Darmstadt 98,1,0,H,0,0,D,2024-25,BUNDESLIGA_2,Matchday 20
2025-01-31,SV 07 Elversberg,Karlsruher,2,2,D,1,0,H,2024-25,BUNDESLIGA_2,Matchday 20
2025-02-01,Eintracht Braunschweig,1. FC Köln,1,2,A,1,2,A,2024-25,BUNDESLIGA_2,Matchday 20
2025-02-01,Jahn Regensburg,Hertha BSC,2,0,H,1,0,H,2024-25,BUNDESLIGA_2,Matchday 20
2025-02-01,Fortuna Düsseldorf,SSV Ulm 1846,3,2,H,2,1,H,2024-25,BUNDESLIGA_2,Matchday 20
2025-02-01,FC Schalke 04,1. FC Magdeburg,2,5,A,0,2,A,2024-25,BUNDESLIGA_2,Matchday 20
2025-02-02,Hamburger SV,Hannover 96,2,2,D,1,0,H,2024-25,BUNDESLIGA_2,Matchday 20
2025-02-02,SC Paderborn 07,SpVgg Greuther Fürth,1,2,A,0,1,A,2024-25,BUNDESLIGA_2,Matchday 20
2025-02-02,1. FC Kaiserslautern,Preußen Münster,2,1,H,0,0,D,2024-25,BUNDESLIGA_2,Matchday 20
2025-02-07,Preußen Münster,Hamburger SV,1,2,A,1,1,D,2024-25,BUNDESLIGA_2,Matchday 21
2025-02-07,SpVgg Greuther Fürth,Jahn Regensburg,2,1,H,2,1,H,2024-25,BUNDESLIGA_2,Matchday 21
2025-02-08,SSV Ulm 1846,SC Paderborn 07,0,2,A,0,0,D,2024-25,BUNDESLIGA_2,Matchday 21
2025-02-08,SV Darmstadt 98,SV 07 Elversberg,0,3,A,0,2,A,2024-25,BUNDESLIGA_2,Matchday 21
2025-02-08,1. FC Magdeburg,1. FC Nürnberg,3,4,A,1,3,A,2024-25,BUNDESLIGA_2,Matchday 21
2025-02-08,Hertha BSC,1. FC Kaiserslautern,0,1,A,0,0,D,2024-25,BUNDESLIGA_2,Matchday 21
2025-02-09,Hannover 96,Fortuna Düsseldorf,1,1,D,1,1,D,2024-25,BUNDESLIGA_2,Matchday 21
2025-02-09,1. FC Köln,FC Schalke 04,1,0,H,1,0,H,2024-25,BUNDESLIGA_2,Matchday 21
2025-02-09,Karlsruher,Eintracht Braunschweig,0,2,A,0,1,A,2024-25,BUNDESLIGA_2,Matchday 21
2025-02-14,1. FC Magdeburg,1. FC Köln,3,0,H,0,0,D,2024-25,BUNDESLIGA_2,Matchday 22
2025-02-14,SC Paderborn 07,Preußen Münster,2,0,H,0,0,D,2024-25,BUNDESLIGA_2,Matchday 22
2025-02-15,Eintracht Braunschweig,SV Darmstadt 98,1,0,H,0,0,D,2024-25,BUNDESLIGA_2,Matchday 22
2025-02-15,1. FC Kaiserslautern,Hannover 96,0,0,D,0,0,D,2024-25,BUNDESLIGA_2,Matchday 22
2025-02-15,SV 07 Elversberg,SpVgg Greuther Fürth,2,0,H,2,0,H,2024-25,BUNDESLIGA_2,Matchday 22
2025-02-15,Fortuna Düsseldorf,Hertha BSC,2,1,H,0,1,A,2024-25,BUNDESLIGA_2,Matchday 22
2025-02-16,Jahn Regensburg,Hamburger SV,1,1,D,1,0,H,2024-25,BUNDESLIGA_2,Matchday 22
2025-02-16,FC Schalke 04,Karlsruher,2,1,H,2,1,H,2024-25,BUNDESLIGA_2,Matchday 22
2025-02-16,1. FC Nürnberg,SSV Ulm 1846,2,0,H,0,0,D,2024-25,BUNDESLIGA_2,Matchday 22
2025-02-21,Hertha BSC,1. FC Nürnberg,0,0,D,0,0,D,2024-25,BUNDESLIGA_2,Matchday 23
2025-02-21,Hamburger SV,1. FC Kaiserslautern,3,0,H,1,0,H,2024-25,BUNDESLIGA_2,Matchday 23
2025-02-22,SSV Ulm 1846,SV 07 Elversberg,0,0,D,0,0,D,2024-25,BUNDESLIGA_2,Matchday 23
2025-02-22,Karlsruher,1. FC Magdeburg,3,1,H,1,1,D,2024-25,BUNDESLIGA_2,Matchday 23
2025-02-22,Preußen Münster,Jahn Regensburg,2,0,H,1,0,H,2024-25,BUNDESLIGA_2,Matchday 23
2025-02-22,Hannover 96,SC Paderborn 07,1,1,D,1,0,H,2024-25,BUNDESLIGA_2,Matchday 23
2025-02-23,1. FC Köln,Fortuna Düsseldorf,1,1,D,0,0,D,2024-25,BUNDESLIGA_2,Matchday 23
2025-02-23,SV Darmstadt 98,FC Schalke 04,2,0,H,2,0,H,2024-25,BUNDESLIGA_2,Matchday 23
2025-02-23,SpVgg Greuther Fürth,Eintracht Braunschweig,3,0,H,1,0,H,2024-25,BUNDESLIGA_2,Matchday 23
2025-02-28,Fortuna Düsseldorf,SpVgg Greuther Fürth,1,2,A,1,1,D,2024-25,BUNDESLIGA_2,Matchday 24
2025-02-28,FC Schalke 04,Preußen Münster,1,0,H,0,0,D,2024-25,BUNDESLIGA_2,Matchday 24
2025-03-01,1. FC Nürnberg,Hannover 96,1,2,A,1,1,D,2024-25,BUNDESLIGA_2,Matchday 24
2025-03-01,Eintracht Braunschweig,SSV Ulm 1846,1,1,D,0,1,A,2024-25,BUNDESLIGA_2,Matchday 24
2025-03-01,1. FC Kaiserslautern,Jahn Regensburg,3,0,H,0,0,D,2024-25,BUNDESLIGA_2,Matchday 24
2025-03-01,Karlsruher,1. FC Köln,1,0,H,0,0,D,2024-25,BUNDESLIGA_2,Matchday 24
2025-03-02,1. FC Magdeburg,SV Darmstadt 98,4,1,H,0,1,A,2024-25,BUNDESLIGA_2,Matchday 24
2025-03-02,SC Paderborn 07,Hamburger SV,2,0,H,1,0,H,2024-25,BUNDESLIGA_2,Matchday 24
2025-03-02,SV 07 Elversberg,Hertha BSC,4,0,H,4,0,H,2024-25,BUNDESLIGA_2,Matchday 24
2025-03-07,SV Darmstadt 98,Karlsruher,3,0,H,1,0,H,2024-25,BUNDESLIGA_2,Matchday 25
2025-03-07,1. FC Kaiserslautern,SV 07 Elversberg,1,1,D,1,0,H,2024-25,BUNDESLIGA_2,Matchday 25
2025-03-08,SSV Ulm 1846,1. FC Köln,0,1,A,0,0,D,2024-25,BUNDESLIGA_2,Matchday 25
2025-03-08,Hertha BSC,FC Schalke 04,1,2,A,0,1,A,2024-25,BUNDESLIGA_2,Matchday 25
2025-03-08,SpVgg Greuther Fürth,1. FC Magdeburg,1,1,D,1,1,D,2024-25,BUNDESLIGA_2,Matchday 25
2025-03-08,Hamburger SV,Fortuna Düsseldorf,4,1,H,2,1,H,2024-25,BUNDESLIGA_2,Matchday 25
2025-03-09,Jahn Regensburg,SC Paderborn 07,0,0,D,0,0,D,2024-25,BUNDESLIGA_2,Matchday 25
2025-03-09,Preußen Münster,1. FC Nürnberg,0,1,A,0,0,D,2024-25,BUNDESLIGA_2,Matchday 25
2025-03-09,Hannover 96,Eintracht Braunschweig,1,1,D,0,0,D,2024-25,BUNDESLIGA_2,Matchday 25
2025-03-14,1. FC Magdeburg,Hamburger SV,0,3,A,0,2,A,2024-25,BUNDESLIGA_2,Matchday 26
2025-03-14,FC Schalke 04,Hannover 96,1,2,A,1,0,H,2024-25,BUNDESLIGA_2,Matchday 26
2025-03-15,SC Paderborn 07,1. FC Kaiserslautern,5,3,H,3,2,H,2024-25,BUNDESLIGA_2,Matchday 26
2025-03-15,SV 07 Elversberg,Preußen Münster,0,1,A,0,0,D,2024-25,BUNDESLIGA_2,Matchday 26
2025-03-15,Fortuna Düsseldorf,Jahn Regensburg,1,0,H,1,0,H,2024-25,BUNDESLIGA_2,Matchday 26
2025-03-15,1. FC Köln,SV Darmstadt 98,2,1,H,1,1,D,2024-25,BUNDESLIGA_2,Matchday 26
2025-03-16,1. FC Nürnberg,SpVgg Greuther Fürth,3,0,H,3,0,H,2024-25,BUNDESLIGA_2,Matchday 26
2025-03-16,Eintracht Braunschweig,Hertha BSC,1,5,A,0,3,A,2024-25,BUNDESLIGA_2,Matchday 26
2025-03-16,Karlsruher,SSV Ulm 1846,0,0,D,0,0,D,2024-25,BUNDESLIGA_2,Matchday 26
2025-03-28,SSV Ulm 1846,SV Darmstadt 98,2,1,H,0,0,D,2024-25,BUNDESLIGA_2,Matchday 27
2025-03-28,Hamburger SV,SV 07 Elversberg,0,0,D,0,0,D,2024-25,BUNDESLIGA_2,Matchday 27
2025-03-29,SC Paderborn 07,1. FC Köln,1,2,A,1,1,D,2024-25,BUNDESLIGA_2,Matchday 27
2025-03-29,Hertha BSC,Karlsruher,3,1,H,1,0,H,2024-25,BUNDESLIGA_2,Matchday 27
2025-03-29,Hannover 96,1. FC Magdeburg,0,0,D,0,0,D,2024-25,BUNDESLIGA_2,Matchday 27
2025-03-29,1. FC Kaiserslautern,Fortuna Düsseldorf,3,1,H,1,0,H,2024-25,BUNDESLIGA_2,Matchday 27
2025-03-30,SpVgg Greuther Fürth,FC Schalke 04,3,3,D,2,1,H,2024-25,BUNDESLIGA_2,Matchday 27
2025-03-30,Jahn Regensburg,1. FC Nürnberg,2,1,H,0,1,A,2024-25,BUNDESLIGA_2,Matchday 27
2025-03-30,Preußen Münster,Eintracht Braunschweig,1,1,D,1,1,D,2024-25,BUNDESLIGA_2,Matchday 27
2025-04-04,Karlsruher,Hannover 96,1,0,H,0,0,D,2024-25,BUNDESLIGA_2,Matchday 28
2025-04-04,Eintracht Braunschweig,SC Paderborn 07,3,2,H,1,1,D,2024-25,BUNDESLIGA_2,Matchday 28
2025-04-05,1. FC Nürnberg,Hamburger SV,0,3,A,0,2,A,2024-25,BUNDESLIGA_2,Matchday 28
2025-04-05,SV Darmstadt 98,SpVgg Greuther Fürth,1,0,H,0,0,D,2024-25,BUNDESLIGA_2,Matchday 28
2025-04-05,Fortuna Düsseldorf,Preußen Münster,1,0,H,1,0,H,2024-25,BUNDESLIGA_2,Matchday 28
2025-04-05,1. FC Köln,Hertha BSC,0,1,A,0,0,D,2024-25,BUNDESLIGA_2,Matchday 28
2025-04-06,1. FC Magdeburg,1. FC Kaiserslautern,2,0,H,2,0,H,2024-25,BUNDESLIGA_2,Matchday 28
2025-04-06,FC Schalke 04,SSV Ulm 1846,2,1,H,0,1,A,2024-25,BUNDESLIGA_2,Matchday 28
2025-04-06,SV 07 Elversberg,Jahn Regensburg,6,0,H,3,0,H,2024-25,BUNDESLIGA_2,Matchday 28
2025-04-11,SpVgg Greuther Fürth,1. FC Köln,1,1,D,1,1,D,2024-25,BUNDESLIGA_2,Matchday 29
2025-04-11,Hamburger SV,Eintracht Braunschweig,2,4,A,0,2,A,2024-25,BUNDESLIGA_2,Matchday 29
2025-04-12,Hertha BSC,SV Darmstadt 98,1,1,D,0,0,D,2024-25,BUNDESLIGA_2,Matchday 29
2025-04-12,Hannover 96,SV 07 Elversberg,1,3,A,1,0,H,2024-25,BUNDESLIGA_2,Matchday 29
2025-04-12,SSV Ulm 1846,1. FC Magdeburg,1,0,H,1,0,H,2024-25,BUNDESLIGA_2,Matchday 29
2025-04-12,1. FC Kaiserslautern,1. FC Nürnberg,1,2,A,0,1,A,2024-25,BUNDESLIGA_2,Matchday 29
2025-04-13,SC Paderborn 07,Fortuna Düsseldorf,1,2,A,0,1,A,2024-25,BUNDESLIGA_2,Matchday 29
2025-04-13,Preußen Münster,Karlsruher,1,1,D,0,1,A,2024-25,BUNDESLIGA_2,Matchday 29
2025-04-13,Jahn Regensburg,FC Schalke 04,2,0,H,1,0,H,2024-25,BUNDESLIGA_2,Matchday 29
2025-04-19,SV 07 Elversberg,Fortuna Düsseldorf,1,1,D,0,0,D,2024-25,BUNDESLIGA_2,Matchday 30
2025-04-19,1. FC Nürnberg,SC Paderborn 07,2,3,A,1,1,D,2024-25,BUNDESLIGA_2,Matchday 30
2025-04-19,Eintracht Braunschweig,1. FC Kaiserslautern,2,0,H,0,0,D,2024-25,BUNDESLIGA_2,Matchday 30
2025-04-19,FC Schalke 04,Hamburger SV,2,2,D,1,2,A,2024-25,BUNDESLIGA_2,Matchday 30
2025-04-20,SV Darmstadt 98,Hannover 96,3,1,H,1,0,H,2024-25,BUNDESLIGA_2,Matchday 30
2025-04-20,Karlsruher,SpVgg Greuther Fürth,1,0,H,0,0,D,2024-25,BUNDESLIGA_2,Matchday 30
2025-04-20,SSV Ulm 1846,Hertha BSC,2,3,A,1,0,H,2024-25,BUNDESLIGA_2,Matchday 30
2025-04-20,1. FC Köln,Preußen Münster,3,1,H,2,1,H,2024-25,BUNDESLIGA_2,Matchday 30
2025-04-20,1. FC Magdeburg,Jahn Regensburg,3,0,H,1,0,H,2024-25,BUNDESLIGA_2,Matchday 30
2025-04-25,Hertha BSC,1. FC Magdeburg,1,1,D,1,1,D,2024-25,BUNDESLIGA_2,Matchday 31
2025-04-25,SpVgg Greuther Fürth,SSV Ulm 1846,0,1,A,0,0,D,2024-25,BUNDESLIGA_2,Matchday 31
2025-04-26,Preußen Münster,SV Darmstadt 98,1,1,D,0,1,A,2024-25,BUNDESLIGA_2,Matchday 31
2025-04-26,SC Paderborn 07,SV 07 Elversberg,1,1,D,0,0,D,2024-25,BUNDESLIGA_2,Matchday 31
2025-04-26,Jahn Regensburg,Eintracht Braunschweig,1,1,D,1,1,D,2024-25,BUNDESLIGA_2,Matchday 31
2025-04-26,Fortuna Düsseldorf,1. FC Nürnberg,3,3,D,0,2,A,2024-25,BUNDESLIGA_2,Matchday 31
2025-04-27,Hannover 96,1. FC Köln,1,0,H,0,0,D,2024-25,BUNDESLIGA_2,Matchday 31
2025-04-27,Hamburger SV,Karlsruher,1,2,A,1,2,A,2024-25,BUNDESLIGA_2,Matchday 31
2025-04-27,1. FC Kaiserslautern,FC Schalke 04,2,1,H,1,0,H,2024-25,BUNDESLIGA_2,Matchday 31
2025-05-02,FC Schalke 04,SC Paderborn 07,0,2,A,0,1,A,2024-25,BUNDESLIGA_2,Matchday 32
2025-05-02,1. FC Magdeburg,Preußen Münster,0,5,A,0,3,A,2024-25,BUNDESLIGA_2,Matchday 32
2025-05-03,Eintracht Braunschweig,Fortuna Düsseldorf,2,2,D,1,0,H,2024-25,BUNDESLIGA_2,Matchday 32
2025-05-03,SV Darmstadt 98,Hamburger SV,0,4,A,0,1,A,2024-25,BUNDESLIGA_2,Matchday 32
2025-05-03,SSV Ulm 1846,Hannover 96,1,2,A,0,1,A,2024-25,BUNDESLIGA_2,Matchday 32
2025-05-03,1. FC Köln,Jahn Regensburg,1,1,D,0,0,D,2024-25,BUNDESLIGA_2,Matchday 32
2025-05-04,Hertha BSC,SpVgg Greuther Fürth,1,0,H,1,0,H,2024-25,BUNDESLIGA_2,Matchday 32
2025-05-04,1. FC Nürnberg,SV 07 Elversberg,1,3,A,1,0,H,2024-25,BUNDESLIGA_2,Matchday 32
2025-05-04,Karlsruher,1. FC Kaiserslautern,2,2,D,1,1,D,2024-25,BUNDESLIGA_2,Matchday 32
2025-05-09,1. FC Nürnberg,1. FC Köln,1,2,A,0,0,D,2024-25,BUNDESLIGA_2,Matchday 33
2025-05-09,Preußen Münster,Hertha BSC,2,0,H,1,0,H,2024-25,BUNDESLIGA_2,Matchday 33
2025-05-10,Fortuna Düsseldorf,FC Schalke 04,2,0,H,0,0,D,2024-25,BUNDESLIGA_2,Matchday 33
2025-05-10,SC Paderborn 07,1. FC Magdeburg,2,1,H,1,1,D,2024-25,BUNDESLIGA_2,Matchday 33
2025-05-10,SV 07 Elversberg,Eintracht Braunschweig,3,0,H,3,0,H,2024-25,BUNDESLIGA_2,Matchday 33
2025-05-10,Hamburger SV,SSV Ulm 1846,6,1,H,3,1,H,2024-25,BUNDESLIGA_2,Matchday 33
2025-05-11,1. FC Kaiserslautern,SV Darmstadt 98,2,1,H,2,1,H,2024-25,BUNDESLIGA_2,Matchday 33
2025-05-11,Jahn Regensburg,Karlsruher,2,2,D,1,2,A,2024-25,BUNDESLIGA_2,Matchday 33
2025-05-11,Hannover 96,SpVgg Greuther Fürth,1,1,D,0,1,A,2024-25,BUNDESLIGA_2,Matchday 33
2025-05-18,1. FC Magdeburg,Fortuna Düsseldorf,4,2,H,0,1,A,2024-25,BUNDESLIGA_2,Matchday 34
2025-05-18,SpVgg Greuther Fürth,Hamburger SV,3,2,H,1,0,H,2024-25,BUNDESLIGA_2,Matchday 34
2025-05-18,Hertha BSC,Hannover 96,1,1,D,1,1,D,2024-25,BUNDESLIGA_2,Matchday 34
2025-05-18,Karlsruher,SC Paderborn 07,3,0,H,0,0,D,2024-25,BUNDESLIGA_2,Matchday 34
2025-05-18,FC Schalke 04,SV 07 Elversberg,1,2,A,0,1,A,2024-25,BUNDESLIGA_2,Matchday 34
2025-05-18,Eintracht Braunschweig,1. FC Nürnberg,1,4,A,0,4,A,2024-25,BUNDESLIGA_2,Matchday 34
2025-05-18,1. FC Köln,1. FC Kaiserslautern,4,0,H,2,0,H,2024-25,BUNDESLIGA_2,Matchday 34
2025-05-18,SSV Ulm 1846,Preußen Münster,2,2,D,1,0,H,2024-25,BUNDESLIGA_2,Matchday 34
2025-05-18,SV Darmstadt 98,Jahn Regensburg,3,1,H,0,1,A,2024-25,BUNDESLIGA_2,Matchday 34
