Date,HomeTeam,AwayTeam,FTHG,FTAG,FTR,HTHG,HTAG,HTR,Season,League,Round
2025-08-08,Fortuna Sittard,Go Ahead Eagles,2,2,D,1,1,D,2025-26,EREDIVISIE,Matchday 1
2025-08-09,NEC,SBV Excelsior,5,0,H,1,0,H,2025-26,EREDIVISIE,Matchday 1
2025-08-09,Feyenoord Rotterdam,NAC Breda,2,0,H,1,0,H,2025-26,EREDIVISIE,Matchday 1
2025-08-09,SC Heerenveen,FC Volendam,1,1,D,1,0,H,2025-26,EREDIVISIE,Matchday 1
2025-08-09,PSV,Sparta Rotterdam,6,1,H,3,0,H,2025-26,EREDIVISIE,Matchday 1
2025-08-10,PEC Zwolle,FC Twente '65,1,0,H,1,0,H,2025-26,EREDIVISIE,Matchday 1
2025-08-10,AFC Ajax,Telstar 1963,2,0,H,1,0,H,2025-26,EREDIVISIE,Matchday 1
2025-08-10,AZ,FC Groningen,4,1,H,3,1,H,2025-26,EREDIVISIE,Matchday 1
2025-08-10,FC Utrecht,Heracles Almelo,4,0,H,1,0,H,2025-26,EREDIVISIE,Matchday 1
2025-08-15,Telstar 1963,PEC Zwolle,0,2,A,0,1,A,2025-26,EREDIVISIE,Matchday 2
2025-08-16,SBV Excelsior,Feyenoord Rotterdam,1,2,A,1,2,A,2025-26,EREDIVISIE,Matchday 2
2025-08-16,Heracles Almelo,NEC,1,4,A,1,1,D,2025-26,EREDIVISIE,Matchday 2
2025-08-16,FC Groningen,SC Heerenveen,2,1,H,1,1,D,2025-26,EREDIVISIE,Matchday 2
2025-08-17,Go Ahead Eagles,AFC Ajax,2,2,D,2,2,D,2025-26,EREDIVISIE,Matchday 2
2025-08-17,Sparta Rotterdam,FC Utrecht,2,1,H,1,0,H,2025-26,EREDIVISIE,Matchday 2
2025-08-17,FC Twente '65,PSV,0,2,A,0,1,A,2025-26,EREDIVISIE,Matchday 2
2025-08-17,FC Volendam,AZ,2,2,D,1,1,D,2025-26,EREDIVISIE,Matchday 2
2025-08-17,NAC Breda,Fortuna Sittard,2,1,H,1,0,H,2025-26,EREDIVISIE,Matchday 2
2025-08-23,Go Ahead Eagles,Sparta Rotterdam,0,3,A,0,1,A,2025-26,EREDIVISIE,Matchday 3
2025-08-23,PSV,FC Groningen,4,2,H,1,1,D,2025-26,EREDIVISIE,Matchday 3
2025-08-23,Telstar 1963,FC Volendam,2,2,D,2,0,H,2025-26,EREDIVISIE,Matchday 3
2025-08-24,SC Heerenveen,FC Twente '65,1,2,A,0,1,A,2025-26,EREDIVISIE,Matchday 3
2025-08-24,FC Utrecht,SBV Excelsior,4,1,H,2,0,H,2025-26,EREDIVISIE,Matchday 3
2025-08-24,NEC,NAC Breda,3,0,H,1,0,H,2025-26,EREDIVISIE,Matchday 3
2025-08-24,AFC Ajax,Heracles Almelo,2,0,H,1,0,H,2025-26,EREDIVISIE,Matchday 3
2025-08-29,FC Groningen,Heracles Almelo,4,0,H,3,0,H,2025-26,EREDIVISIE,Matchday 4
2025-08-30,FC Volendam,AFC Ajax,1,1,D,1,0,H,2025-26,EREDIVISIE,Matchday 4
2025-08-30,SC Heerenveen,Go Ahead Eagles,2,2,D,1,1,D,2025-26,EREDIVISIE,Matchday 4
2025-08-30,PSV,Telstar 1963,0,2,A,0,1,A,2025-26,EREDIVISIE,Matchday 4
2025-08-30,SBV Excelsior,FC Twente '65,1,0,H,0,0,D,2025-26,EREDIVISIE,Matchday 4
2025-08-31,Fortuna Sittard,NEC,3,2,H,2,1,H,2025-26,EREDIVISIE,Matchday 4
2025-08-31,PEC Zwolle,FC Utrecht,0,2,A,0,2,A,2025-26,EREDIVISIE,Matchday 4
2025-08-31,Sparta Rotterdam,Feyenoord Rotterdam,0,4,A,0,1,A,2025-26,EREDIVISIE,Matchday 4
2025-08-31,NAC Breda,AZ,0,1,A,0,0,D,2025-26,EREDIVISIE,Matchday 4
2025-09-13,AFC Ajax,PEC Zwolle,3,1,H,2,0,H,2025-26,EREDIVISIE,Matchday 5
2025-09-13,NEC,PSV,3,5,A,1,3,A,2025-26,EREDIVISIE,Matchday 5
2025-09-13,Go Ahead Eagles,FC Volendam,3,0,H,3,0,H,2025-26,EREDIVISIE,Matchday 5
2025-09-13,Feyenoord Rotterdam,SC Heerenveen,1,0,H,1,0,H,2025-26,EREDIVISIE,Matchday 5
2025-09-13,FC Twente '65,NAC Breda,2,2,D,0,1,A,2025-26,EREDIVISIE,Matchday 5
2025-09-14,SBV Excelsior,Sparta Rotterdam,0,1,A,0,0,D,2025-26,EREDIVISIE,Matchday 5
2025-09-14,FC Utrecht,FC Groningen,0,1,A,0,0,D,2025-26,EREDIVISIE,Matchday 5
2025-09-14,Heracles Almelo,AZ,1,2,A,1,1,D,2025-26,EREDIVISIE,Matchday 5
2025-09-14,Telstar 1963,Fortuna Sittard,1,3,A,1,1,D,2025-26,EREDIVISIE,Matchday 5
2025-09-17,Feyenoord Rotterdam,Fortuna Sittard,2,0,H,1,0,H,2025-26,EREDIVISIE,Matchday 3
2025-09-19,Sparta Rotterdam,FC Twente '65,1,5,A,1,1,D,2025-26,EREDIVISIE,Matchday 6
2025-09-20,FC Volendam,SBV Excelsior,1,2,A,1,1,D,2025-26,EREDIVISIE,Matchday 6
2025-09-20,FC Groningen,Telstar 1963,2,0,H,1,0,H,2025-26,EREDIVISIE,Matchday 6
2025-09-20,Fortuna Sittard,FC Utrecht,1,0,H,1,0,H,2025-26,EREDIVISIE,Matchday 6
2025-09-20,NAC Breda,Heracles Almelo,2,1,H,0,1,A,2025-26,EREDIVISIE,Matchday 6
2025-09-21,PEC Zwolle,Go Ahead Eagles,0,2,A,0,0,D,2025-26,EREDIVISIE,Matchday 6
2025-09-21,PSV,AFC Ajax,2,2,D,1,1,D,2025-26,EREDIVISIE,Matchday 6
2025-09-21,SC Heerenveen,NEC,3,2,H,1,0,H,2025-26,EREDIVISIE,Matchday 6
2025-09-21,AZ,Feyenoord Rotterdam,3,3,D,1,1,D,2025-26,EREDIVISIE,Matchday 6
2025-09-24,AZ,PEC Zwolle,2,2,D,2,1,H,2025-26,EREDIVISIE,Matchday 3
2025-09-26,FC Twente '65,Fortuna Sittard,3,2,H,1,0,H,2025-26,EREDIVISIE,Matchday 7
2025-09-27,AFC Ajax,NAC Breda,2,1,H,1,1,D,2025-26,EREDIVISIE,Matchday 7
2025-09-27,FC Volendam,PEC Zwolle,2,1,H,1,1,D,2025-26,EREDIVISIE,Matchday 7
2025-09-27,SBV Excelsior,PSV,1,2,A,1,1,D,2025-26,EREDIVISIE,Matchday 7
2025-09-27,Heracles Almelo,Sparta Rotterdam,3,0,H,1,0,H,2025-26,EREDIVISIE,Matchday 7
2025-09-28,NEC,AZ,2,1,H,1,0,H,2025-26,EREDIVISIE,Matchday 7
2025-09-28,FC Groningen,Feyenoord Rotterdam,0,1,A,0,0,D,2025-26,EREDIVISIE,Matchday 7
2025-09-28,FC Utrecht,SC Heerenveen,2,2,D,1,1,D,2025-26,EREDIVISIE,Matchday 7
2025-09-28,Telstar 1963,Go Ahead Eagles,4,2,H,2,1,H,2025-26,EREDIVISIE,Matchday 7
2025-10-03,NAC Breda,FC Groningen,1,2,A,0,1,A,2025-26,EREDIVISIE,Matchday 8
2025-10-04,Sparta Rotterdam,AFC Ajax,3,3,D,1,1,D,2025-26,EREDIVISIE,Matchday 8
2025-10-04,Fortuna Sittard,FC Volendam,1,0,H,1,0,H,2025-26,EREDIVISIE,Matchday 8
2025-10-04,PEC Zwolle,PSV,0,4,A,0,2,A,2025-26,EREDIVISIE,Matchday 8
2025-10-04,SC Heerenveen,SBV Excelsior,2,1,H,0,1,A,2025-26,EREDIVISIE,Matchday 8
2025-10-05,FC Twente '65,Heracles Almelo,2,1,H,0,1,A,2025-26,EREDIVISIE,Matchday 8
2025-10-05,Feyenoord Rotterdam,FC Utrecht,3,2,H,1,0,H,2025-26,EREDIVISIE,Matchday 8
2025-10-05,AZ,Telstar 1963,2,1,H,2,0,H,2025-26,EREDIVISIE,Matchday 8
2025-10-05,Go Ahead Eagles,NEC,1,1,D,0,1,A,2025-26,EREDIVISIE,Matchday 8
2025-10-18,NEC,FC Twente '65,3,3,D,1,1,D,2025-26,EREDIVISIE,Matchday 9
2025-10-18,FC Utrecht,FC Volendam,3,1,H,0,1,A,2025-26,EREDIVISIE,Matchday 9
2025-10-18,PSV,Go Ahead Eagles,2,1,H,1,0,H,2025-26,EREDIVISIE,Matchday 9
2025-10-18,AFC Ajax,AZ,0,2,A,0,2,A,2025-26,EREDIVISIE,Matchday 9
2025-10-18,NAC Breda,PEC Zwolle,2,2,D,2,1,H,2025-26,EREDIVISIE,Matchday 9
2025-10-19,Telstar 1963,SC Heerenveen,2,3,A,1,2,A,2025-26,EREDIVISIE,Matchday 9
2025-10-19,FC Groningen,Sparta Rotterdam,0,2,A,0,1,A,2025-26,EREDIVISIE,Matchday 9
2025-10-19,SBV Excelsior,Fortuna Sittard,1,0,H,1,0,H,2025-26,EREDIVISIE,Matchday 9
2025-10-19,Heracles Almelo,Feyenoord Rotterdam,0,7,A,0,4,A,2025-26,EREDIVISIE,Matchday 9
2025-10-24,SC Heerenveen,NAC Breda,3,3,D,1,0,H,2025-26,EREDIVISIE,Matchday 10
2025-10-25,Fortuna Sittard,FC Groningen,1,2,A,0,1,A,2025-26,EREDIVISIE,Matchday 10
2025-10-25,Sparta Rotterdam,Telstar 1963,1,0,H,1,0,H,2025-26,EREDIVISIE,Matchday 10
2025-10-25,FC Volendam,Heracles Almelo,3,0,H,1,0,H,2025-26,EREDIVISIE,Matchday 10
2025-10-25,PEC Zwolle,NEC,2,2,D,1,1,D,2025-26,EREDIVISIE,Matchday 10
2025-10-26,FC Twente '65,AFC Ajax,2,3,A,1,0,H,2025-26,EREDIVISIE,Matchday 10
2025-10-26,Feyenoord Rotterdam,PSV,2,3,A,0,1,A,2025-26,EREDIVISIE,Matchday 10
2025-10-26,AZ,FC Utrecht,4,1,H,2,0,H,2025-26,EREDIVISIE,Matchday 10
2025-10-26,Go Ahead Eagles,SBV Excelsior,2,0,H,0,0,D,2025-26,EREDIVISIE,Matchday 10
2025-10-31,PSV,Fortuna Sittard,5,2,H,3,0,H,2025-26,EREDIVISIE,Matchday 11
2025-11-01,AFC Ajax,SC Heerenveen,1,1,D,1,0,H,2025-26,EREDIVISIE,Matchday 11
2025-11-01,NAC Breda,Go Ahead Eagles,1,0,H,0,0,D,2025-26,EREDIVISIE,Matchday 11
2025-11-01,Feyenoord Rotterdam,FC Volendam,3,1,H,2,0,H,2025-26,EREDIVISIE,Matchday 11
2025-11-01,Telstar 1963,SBV Excelsior,2,2,D,2,1,H,2025-26,EREDIVISIE,Matchday 11
2025-11-02,Heracles Almelo,PEC Zwolle,8,2,H,4,1,H,2025-26,EREDIVISIE,Matchday 11
2025-11-02,FC Groningen,FC Twente '65,1,1,D,0,0,D,2025-26,EREDIVISIE,Matchday 11
2025-11-02,Sparta Rotterdam,AZ,0,1,A,0,0,D,2025-26,EREDIVISIE,Matchday 11
2025-11-02,FC Utrecht,NEC,1,0,H,1,0,H,2025-26,EREDIVISIE,Matchday 11
2025-11-07,FC Twente '65,Telstar 1963,0,0,D,0,0,D,2025-26,EREDIVISIE,Matchday 12
2025-11-08,SBV Excelsior,Heracles Almelo,1,2,A,1,0,H,2025-26,EREDIVISIE,Matchday 12
2025-11-08,FC Volendam,NAC Breda,2,1,H,0,1,A,2025-26,EREDIVISIE,Matchday 12
2025-11-08,Fortuna Sittard,SC Heerenveen,2,0,H,0,0,D,2025-26,EREDIVISIE,Matchday 12
2025-11-08,PEC Zwolle,Sparta Rotterdam,1,0,H,1,0,H,2025-26,EREDIVISIE,Matchday 12
2025-11-09,FC Utrecht,AFC Ajax,2,1,H,1,0,H,2025-26,EREDIVISIE,Matchday 12
2025-11-09,NEC,FC Groningen,2,0,H,0,0,D,2025-26,EREDIVISIE,Matchday 12
2025-11-09,AZ,PSV,1,5,A,1,3,A,2025-26,EREDIVISIE,Matchday 12
2025-11-09,Go Ahead Eagles,Feyenoord Rotterdam,2,1,H,1,0,H,2025-26,EREDIVISIE,Matchday 12
2024-08-09,FC Groningen,NAC Breda,4,1,H,3,0,H,2024-25,EREDIVISIE,Matchday 1
2024-08-10,Feyenoord Rotterdam,Willem II Tilburg,1,1,D,1,0,H,2024-25,EREDIVISIE,Matchday 1
2024-08-10,NEC,FC Twente '65,1,2,A,1,1,D,2024-25,EREDIVISIE,Matchday 1
2024-08-10,Almere City,AZ,0,1,A,0,1,A,2024-25,EREDIVISIE,Matchday 1
2024-08-10,PSV,RKC Waalwijk,5,1,H,3,0,H,2024-25,EREDIVISIE,Matchday 1
2024-08-11,Sparta Rotterdam,Heracles Almelo,0,0,D,0,0,D,2024-25,EREDIVISIE,Matchday 1
2024-08-11,FC Utrecht,PEC Zwolle,1,0,H,1,0,H,2024-25,EREDIVISIE,Matchday 1
2024-08-11,Go Ahead Eagles,Fortuna Sittard,0,2,A,0,0,D,2024-25,EREDIVISIE,Matchday 1
2024-08-11,AFC Ajax,SC Heerenveen,1,0,H,1,0,H,2024-25,EREDIVISIE,Matchday 1
2024-08-16,Fortuna Sittard,Almere City,3,0,H,1,0,H,2024-25,EREDIVISIE,Matchday 2
2024-08-17,SC Heerenveen,FC Utrecht,1,1,D,0,1,A,2024-25,EREDIVISIE,Matchday 2
2024-08-17,FC Twente '65,Sparta Rotterdam,1,1,D,0,0,D,2024-25,EREDIVISIE,Matchday 2
2024-08-17,AZ,NEC,1,0,H,1,0,H,2024-25,EREDIVISIE,Matchday 2
2024-08-17,RKC Waalwijk,FC Groningen,1,2,A,0,1,A,2024-25,EREDIVISIE,Matchday 2
2024-08-18,Heracles Almelo,PSV,1,3,A,1,0,H,2024-25,EREDIVISIE,Matchday 2
2024-08-18,PEC Zwolle,Feyenoord Rotterdam,1,5,A,0,1,A,2024-25,EREDIVISIE,Matchday 2
2024-08-18,Willem II Tilburg,Go Ahead Eagles,2,0,H,2,0,H,2024-25,EREDIVISIE,Matchday 2
2024-08-18,NAC Breda,AFC Ajax,2,1,H,0,0,D,2024-25,EREDIVISIE,Matchday 2
2024-08-24,NEC,PEC Zwolle,1,0,H,0,0,D,2024-25,EREDIVISIE,Matchday 3
2024-08-24,Almere City,PSV,1,7,A,0,2,A,2024-25,EREDIVISIE,Matchday 3
2024-08-24,NAC Breda,FC Utrecht,1,2,A,1,0,H,2024-25,EREDIVISIE,Matchday 3
2024-08-25,FC Groningen,AZ,0,0,D,0,0,D,2024-25,EREDIVISIE,Matchday 3
2024-08-25,Heracles Almelo,Willem II Tilburg,1,1,D,1,1,D,2024-25,EREDIVISIE,Matchday 3
2024-08-25,Sparta Rotterdam,Feyenoord Rotterdam,1,1,D,1,0,H,2024-25,EREDIVISIE,Matchday 3
2024-08-25,Go Ahead Eagles,RKC Waalwijk,2,0,H,1,0,H,2024-25,EREDIVISIE,Matchday 3
2024-08-30,RKC Waalwijk,AZ,0,3,A,0,2,A,2024-25,EREDIVISIE,Matchday 4
2024-08-31,Almere City,FC Groningen,1,1,D,1,0,H,2024-25,EREDIVISIE,Matchday 4
2024-08-31,Fortuna Sittard,NEC,0,3,A,0,2,A,2024-25,EREDIVISIE,Matchday 4
2024-08-31,SC Heerenveen,NAC Breda,4,0,H,0,0,D,2024-25,EREDIVISIE,Matchday 4
2024-08-31,Willem II Tilburg,Sparta Rotterdam,1,2,A,0,0,D,2024-25,EREDIVISIE,Matchday 4
2024-09-01,FC Utrecht,FC Twente '65,2,1,H,1,1,D,2024-25,EREDIVISIE,Matchday 4
2024-09-01,PEC Zwolle,Heracles Almelo,3,0,H,1,0,H,2024-25,EREDIVISIE,Matchday 4
2024-09-01,PSV,Go Ahead Eagles,3,0,H,2,0,H,2024-25,EREDIVISIE,Matchday 4
2024-09-14,FC Twente '65,PEC Zwolle,1,1,D,0,1,A,2024-25,EREDIVISIE,Matchday 5
2024-09-14,PSV,NEC,2,0,H,2,0,H,2024-25,EREDIVISIE,Matchday 5
2024-09-14,FC Groningen,Feyenoord Rotterdam,2,2,D,0,1,A,2024-25,EREDIVISIE,Matchday 5
2024-09-14,NAC Breda,Fortuna Sittard,1,0,H,0,0,D,2024-25,EREDIVISIE,Matchday 5
2024-09-14,AZ,SC Heerenveen,9,1,H,2,1,H,2024-25,EREDIVISIE,Matchday 5
2024-09-15,Sparta Rotterdam,Go Ahead Eagles,1,2,A,0,1,A,2024-25,EREDIVISIE,Matchday 5
2024-09-15,Willem II Tilburg,RKC Waalwijk,3,0,H,2,0,H,2024-25,EREDIVISIE,Matchday 5
2024-09-15,Heracles Almelo,Almere City,0,0,D,0,0,D,2024-25,EREDIVISIE,Matchday 5
2024-09-17,FC Twente '65,SC Heerenveen,2,0,H,2,0,H,2024-25,EREDIVISIE,Matchday 3
2024-09-18,AFC Ajax,Fortuna Sittard,5,0,H,2,0,H,2024-25,EREDIVISIE,Matchday 3
2024-09-20,PEC Zwolle,AZ,1,2,A,0,1,A,2024-25,EREDIVISIE,Matchday 6
2024-09-21,FC Utrecht,Willem II Tilburg,3,2,H,2,2,D,2024-25,EREDIVISIE,Matchday 6
2024-09-21,RKC Waalwijk,Sparta Rotterdam,1,2,A,0,1,A,2024-25,EREDIVISIE,Matchday 6
2024-09-21,Go Ahead Eagles,AFC Ajax,1,1,D,0,0,D,2024-25,EREDIVISIE,Matchday 6
2024-09-21,NEC,Heracles Almelo,1,2,A,1,2,A,2024-25,EREDIVISIE,Matchday 6
2024-09-22,SC Heerenveen,FC Groningen,2,1,H,1,1,D,2024-25,EREDIVISIE,Matchday 6
2024-09-22,Almere City,FC Twente '65,0,5,A,0,2,A,2024-25,EREDIVISIE,Matchday 6
2024-09-22,Feyenoord Rotterdam,NAC Breda,2,0,H,1,0,H,2024-25,EREDIVISIE,Matchday 6
2024-09-22,Fortuna Sittard,PSV,1,3,A,1,1,D,2024-25,EREDIVISIE,Matchday 6
2024-09-27,Heracles Almelo,SC Heerenveen,2,1,H,1,0,H,2024-25,EREDIVISIE,Matchday 7
2024-09-28,Willem II Tilburg,PSV,0,2,A,0,0,D,2024-25,EREDIVISIE,Matchday 7
2024-09-28,NEC,Feyenoord Rotterdam,1,1,D,1,0,H,2024-25,EREDIVISIE,Matchday 7
2024-09-28,Sparta Rotterdam,Fortuna Sittard,1,1,D,1,1,D,2024-25,EREDIVISIE,Matchday 7
2024-09-29,PEC Zwolle,Almere City,1,0,H,0,0,D,2024-25,EREDIVISIE,Matchday 7
2024-09-29,FC Twente '65,NAC Breda,1,0,H,0,0,D,2024-25,EREDIVISIE,Matchday 7
2024-09-29,FC Groningen,Go Ahead Eagles,0,1,A,0,0,D,2024-25,EREDIVISIE,Matchday 7
2024-09-29,RKC Waalwijk,AFC Ajax,0,2,A,0,0,D,2024-25,EREDIVISIE,Matchday 7
2024-09-29,AZ,FC Utrecht,1,2,A,1,1,D,2024-25,EREDIVISIE,Matchday 7
2024-10-04,Almere City,Willem II Tilburg,0,1,A,0,0,D,2024-25,EREDIVISIE,Matchday 8
2024-10-05,NAC Breda,NEC,1,0,H,0,0,D,2024-25,EREDIVISIE,Matchday 8
2024-10-05,PSV,Sparta Rotterdam,2,1,H,2,1,H,2024-25,EREDIVISIE,Matchday 8
2024-10-05,FC Utrecht,RKC Waalwijk,3,2,H,1,1,D,2024-25,EREDIVISIE,Matchday 8
2024-10-06,Go Ahead Eagles,Heracles Almelo,4,1,H,0,1,A,2024-25,EREDIVISIE,Matchday 8
2024-10-06,SC Heerenveen,PEC Zwolle,1,1,D,1,1,D,2024-25,EREDIVISIE,Matchday 8
2024-10-06,Feyenoord Rotterdam,FC Twente '65,2,1,H,2,0,H,2024-25,EREDIVISIE,Matchday 8
2024-10-06,AFC Ajax,FC Groningen,3,1,H,1,0,H,2024-25,EREDIVISIE,Matchday 8
2024-10-06,Fortuna Sittard,AZ,1,0,H,0,0,D,2024-25,EREDIVISIE,Matchday 8
2024-10-19,Sparta Rotterdam,Almere City,2,2,D,0,2,A,2024-25,EREDIVISIE,Matchday 9
2024-10-19,AZ,PSV,1,2,A,0,2,A,2024-25,EREDIVISIE,Matchday 9
2024-10-19,NEC,SC Heerenveen,3,0,H,1,0,H,2024-25,EREDIVISIE,Matchday 9
2024-10-19,RKC Waalwijk,FC Twente '65,2,2,D,1,1,D,2024-25,EREDIVISIE,Matchday 9
2024-10-19,Go Ahead Eagles,Feyenoord Rotterdam,1,5,A,0,3,A,2024-25,EREDIVISIE,Matchday 9
2024-10-20,Willem II Tilburg,Fortuna Sittard,0,0,D,0,0,D,2024-25,EREDIVISIE,Matchday 9
2024-10-20,FC Groningen,FC Utrecht,0,1,A,0,1,A,2024-25,EREDIVISIE,Matchday 9
2024-10-20,Heracles Almelo,AFC Ajax,3,4,A,2,2,D,2024-25,EREDIVISIE,Matchday 9
2024-10-20,PEC Zwolle,NAC Breda,1,2,A,0,0,D,2024-25,EREDIVISIE,Matchday 9
2024-10-25,Almere City,NEC,1,0,H,0,0,D,2024-25,EREDIVISIE,Matchday 10
2024-10-26,Fortuna Sittard,FC Groningen,1,0,H,0,0,D,2024-25,EREDIVISIE,Matchday 10
2024-10-26,PSV,PEC Zwolle,6,0,H,2,0,H,2024-25,EREDIVISIE,Matchday 10
2024-10-26,NAC Breda,RKC Waalwijk,4,1,H,2,1,H,2024-25,EREDIVISIE,Matchday 10
2024-10-26,SC Heerenveen,Sparta Rotterdam,2,0,H,1,0,H,2024-25,EREDIVISIE,Matchday 10
2024-10-27,FC Utrecht,Feyenoord Rotterdam,0,2,A,0,1,A,2024-25,EREDIVISIE,Matchday 10
2024-10-27,FC Twente '65,Heracles Almelo,5,0,H,2,0,H,2024-25,EREDIVISIE,Matchday 10
2024-10-27,AFC Ajax,Willem II Tilburg,1,0,H,1,0,H,2024-25,EREDIVISIE,Matchday 10
2024-10-27,AZ,Go Ahead Eagles,2,2,D,1,0,H,2024-25,EREDIVISIE,Matchday 10
2024-10-30,Feyenoord Rotterdam,AFC Ajax,0,2,A,0,2,A,2024-25,EREDIVISIE,Matchday 4
2024-11-02,Willem II Tilburg,FC Twente '65,0,1,A,0,0,D,2024-25,EREDIVISIE,Matchday 11
2024-11-02,Heracles Almelo,NAC Breda,2,0,H,1,0,H,2024-25,EREDIVISIE,Matchday 11
2024-11-02,AFC Ajax,PSV,3,2,H,1,1,D,2024-25,EREDIVISIE,Matchday 11
2024-11-02,Feyenoord Rotterdam,AZ,3,2,H,0,1,A,2024-25,EREDIVISIE,Matchday 11
2024-11-02,Fortuna Sittard,SC Heerenveen,3,0,H,1,0,H,2024-25,EREDIVISIE,Matchday 11
2024-11-03,Go Ahead Eagles,PEC Zwolle,2,2,D,0,2,A,2024-25,EREDIVISIE,Matchday 11
2024-11-03,NEC,FC Groningen,6,0,H,3,0,H,2024-25,EREDIVISIE,Matchday 11
2024-11-03,Sparta Rotterdam,FC Utrecht,1,4,A,0,1,A,2024-25,EREDIVISIE,Matchday 11
2024-11-03,RKC Waalwijk,Almere City,2,0,H,1,0,H,2024-25,EREDIVISIE,Matchday 11
2024-11-08,FC Utrecht,Heracles Almelo,1,0,H,0,0,D,2024-25,EREDIVISIE,Matchday 12
2024-11-09,FC Groningen,Sparta Rotterdam,1,0,H,1,0,H,2024-25,EREDIVISIE,Matchday 12
2024-11-09,PEC Zwolle,Fortuna Sittard,3,1,H,0,1,A,2024-25,EREDIVISIE,Matchday 12
2024-11-09,NAC Breda,PSV,0,3,A,0,2,A,2024-25,EREDIVISIE,Matchday 12
2024-11-09,RKC Waalwijk,NEC,0,3,A,0,0,D,2024-25,EREDIVISIE,Matchday 12
2024-11-10,Almere City,Feyenoord Rotterdam,1,4,A,1,2,A,2024-25,EREDIVISIE,Matchday 12
2024-11-10,SC Heerenveen,Go Ahead Eagles,1,0,H,1,0,H,2024-25,EREDIVISIE,Matchday 12
2024-11-10,FC Twente '65,AFC Ajax,2,2,D,1,0,H,2024-25,EREDIVISIE,Matchday 12
2024-11-10,AZ,Willem II Tilburg,1,2,A,0,2,A,2024-25,EREDIVISIE,Matchday 12
2024-11-23,Go Ahead Eagles,Almere City,3,0,H,2,0,H,2024-25,EREDIVISIE,Matchday 13
2024-11-23,Feyenoord Rotterdam,SC Heerenveen,3,0,H,2,0,H,2024-25,EREDIVISIE,Matchday 13
2024-11-23,Heracles Almelo,RKC Waalwijk,2,2,D,1,0,H,2024-25,EREDIVISIE,Matchday 13
2024-11-23,PSV,FC Groningen,5,0,H,2,0,H,2024-25,EREDIVISIE,Matchday 13
2024-11-23,Fortuna Sittard,FC Twente '65,1,2,A,0,1,A,2024-25,EREDIVISIE,Matchday 13
2024-11-24,NEC,FC Utrecht,1,2,A,0,1,A,2024-25,EREDIVISIE,Matchday 13
2024-11-24,Sparta Rotterdam,AZ,1,2,A,1,1,D,2024-25,EREDIVISIE,Matchday 13
2024-11-24,Willem II Tilburg,NAC Breda,2,2,D,0,1,A,2024-25,EREDIVISIE,Matchday 13
2024-11-24,AFC Ajax,PEC Zwolle,2,0,H,1,0,H,2024-25,EREDIVISIE,Matchday 13
2024-11-29,SC Heerenveen,RKC Waalwijk,1,1,D,1,0,H,2024-25,EREDIVISIE,Matchday 14
2024-11-30,NAC Breda,Almere City,1,0,H,1,0,H,2024-25,EREDIVISIE,Matchday 14
2024-11-30,FC Groningen,Willem II Tilburg,2,0,H,1,0,H,2024-25,EREDIVISIE,Matchday 14
2024-11-30,Feyenoord Rotterdam,Fortuna Sittard,1,1,D,0,1,A,2024-25,EREDIVISIE,Matchday 14
2024-11-30,PEC Zwolle,Sparta Rotterdam,1,0,H,0,0,D,2024-25,EREDIVISIE,Matchday 14
2024-12-01,FC Utrecht,PSV,2,5,A,1,1,D,2024-25,EREDIVISIE,Matchday 14
2024-12-01,AZ,Heracles Almelo,1,0,H,0,0,D,2024-25,EREDIVISIE,Matchday 14
2024-12-01,FC Twente '65,Go Ahead Eagles,3,2,H,1,2,A,2024-25,EREDIVISIE,Matchday 14
2024-12-01,NEC,AFC Ajax,1,2,A,1,1,D,2024-25,EREDIVISIE,Matchday 14
2024-12-04,AFC Ajax,FC Utrecht,2,2,D,2,1,H,2024-25,EREDIVISIE,Matchday 5
2024-12-06,PSV,FC Twente '65,6,1,H,3,1,H,2024-25,EREDIVISIE,Matchday 15
2024-12-07,Go Ahead Eagles,NEC,5,0,H,4,0,H,2024-25,EREDIVISIE,Matchday 15
2024-12-07,Sparta Rotterdam,NAC Breda,0,2,A,0,1,A,2024-25,EREDIVISIE,Matchday 15
2024-12-07,RKC Waalwijk,Feyenoord Rotterdam,2,3,A,1,1,D,2024-25,EREDIVISIE,Matchday 15
2024-12-07,Heracles Almelo,Fortuna Sittard,2,2,D,1,2,A,2024-25,EREDIVISIE,Matchday 15
2024-12-08,FC Groningen,PEC Zwolle,0,0,D,0,0,D,2024-25,EREDIVISIE,Matchday 15
2024-12-08,AZ,AFC Ajax,2,1,H,0,0,D,2024-25,EREDIVISIE,Matchday 15
2024-12-08,Willem II Tilburg,SC Heerenveen,1,2,A,0,0,D,2024-25,EREDIVISIE,Matchday 15
2024-12-08,Almere City,FC Utrecht,1,3,A,0,2,A,2024-25,EREDIVISIE,Matchday 15
2024-12-13,PEC Zwolle,Willem II Tilburg,0,1,A,0,1,A,2024-25,EREDIVISIE,Matchday 16
2024-12-14,SC Heerenveen,PSV,1,0,H,0,0,D,2024-25,EREDIVISIE,Matchday 16
2024-12-14,Fortuna Sittard,RKC Waalwijk,3,2,H,3,1,H,2024-25,EREDIVISIE,Matchday 16
2024-12-14,Feyenoord Rotterdam,Heracles Almelo,5,2,H,3,1,H,2024-25,EREDIVISIE,Matchday 16
2024-12-15,FC Utrecht,Go Ahead Eagles,3,3,D,1,1,D,2024-25,EREDIVISIE,Matchday 16
2024-12-15,NEC,Sparta Rotterdam,1,1,D,0,0,D,2024-25,EREDIVISIE,Matchday 16
2024-12-15,FC Twente '65,FC Groningen,2,0,H,1,0,H,2024-25,EREDIVISIE,Matchday 16
2024-12-15,AFC Ajax,Almere City,3,0,H,2,0,H,2024-25,EREDIVISIE,Matchday 16
2024-12-15,NAC Breda,AZ,1,2,A,1,0,H,2024-25,EREDIVISIE,Matchday 16
2024-12-20,RKC Waalwijk,PEC Zwolle,1,1,D,1,1,D,2024-25,EREDIVISIE,Matchday 17
2024-12-21,Go Ahead Eagles,NAC Breda,2,1,H,0,1,A,2024-25,EREDIVISIE,Matchday 17
2024-12-21,Almere City,SC Heerenveen,3,0,H,0,0,D,2024-25,EREDIVISIE,Matchday 17
2024-12-21,AZ,FC Twente '65,1,0,H,0,0,D,2024-25,EREDIVISIE,Matchday 17
2024-12-22,Sparta Rotterdam,AFC Ajax,0,2,A,0,0,D,2024-25,EREDIVISIE,Matchday 17
2024-12-22,FC Utrecht,Fortuna Sittard,2,5,A,1,0,H,2024-25,EREDIVISIE,Matchday 17
2024-12-22,PSV,Feyenoord Rotterdam,3,0,H,2,0,H,2024-25,EREDIVISIE,Matchday 17
2024-12-22,Willem II Tilburg,NEC,4,1,H,2,1,H,2024-25,EREDIVISIE,Matchday 17
2025-01-10,Fortuna Sittard,Go Ahead Eagles,0,3,A,0,1,A,2024-25,EREDIVISIE,Matchday 18
2025-01-11,Heracles Almelo,Sparta Rotterdam,1,1,D,0,0,D,2024-25,EREDIVISIE,Matchday 18
2025-01-11,AFC Ajax,RKC Waalwijk,2,1,H,2,0,H,2024-25,EREDIVISIE,Matchday 18
2025-01-11,PEC Zwolle,NEC,0,1,A,0,1,A,2024-25,EREDIVISIE,Matchday 18
2025-01-11,PSV,AZ,2,2,D,0,1,A,2024-25,EREDIVISIE,Matchday 18
2025-01-12,FC Twente '65,Willem II Tilburg,6,2,H,2,2,D,2024-25,EREDIVISIE,Matchday 18
2025-01-12,FC Groningen,Almere City,0,0,D,0,0,D,2024-25,EREDIVISIE,Matchday 18
2025-01-12,Feyenoord Rotterdam,FC Utrecht,1,2,A,0,0,D,2024-25,EREDIVISIE,Matchday 18
2025-01-12,NAC Breda,SC Heerenveen,2,4,A,1,3,A,2024-25,EREDIVISIE,Matchday 18
2025-01-18,PEC Zwolle,PSV,3,1,H,2,1,H,2024-25,EREDIVISIE,Matchday 19
2025-01-18,FC Utrecht,AZ,0,0,D,0,0,D,2024-25,EREDIVISIE,Matchday 19
2025-01-18,Willem II Tilburg,Feyenoord Rotterdam,1,1,D,0,1,A,2024-25,EREDIVISIE,Matchday 19
2025-01-18,Go Ahead Eagles,FC Groningen,2,1,H,1,1,D,2024-25,EREDIVISIE,Matchday 19
2025-01-19,NAC Breda,FC Twente '65,2,1,H,2,0,H,2024-25,EREDIVISIE,Matchday 19
2025-01-19,Almere City,Heracles Almelo,0,2,A,0,1,A,2024-25,EREDIVISIE,Matchday 19
2025-01-19,SC Heerenveen,AFC Ajax,0,2,A,0,1,A,2024-25,EREDIVISIE,Matchday 19
2025-01-19,NEC,Fortuna Sittard,4,1,H,1,1,D,2024-25,EREDIVISIE,Matchday 19
2025-01-19,Sparta Rotterdam,RKC Waalwijk,1,1,D,1,1,D,2024-25,EREDIVISIE,Matchday 19
2025-01-24,Heracles Almelo,FC Utrecht,1,1,D,0,0,D,2024-25,EREDIVISIE,Matchday 20
2025-01-25,PSV,NAC Breda,3,2,H,2,1,H,2024-25,EREDIVISIE,Matchday 20
2025-01-25,FC Groningen,SC Heerenveen,1,0,H,0,0,D,2024-25,EREDIVISIE,Matchday 20
2025-01-26,Fortuna Sittard,PEC Zwolle,1,4,A,0,2,A,2024-25,EREDIVISIE,Matchday 20
2025-01-26,RKC Waalwijk,Willem II Tilburg,2,0,H,1,0,H,2024-25,EREDIVISIE,Matchday 20
2025-01-26,AZ,Sparta Rotterdam,1,2,A,0,0,D,2024-25,EREDIVISIE,Matchday 20
2025-01-28,Heracles Almelo,FC Groningen,1,1,D,1,0,H,2024-25,EREDIVISIE,Matchday 17
2025-01-31,NAC Breda,Heracles Almelo,1,1,D,1,0,H,2024-25,EREDIVISIE,Matchday 21
2025-02-01,PEC Zwolle,FC Utrecht,3,3,D,2,0,H,2024-25,EREDIVISIE,Matchday 21
2025-02-01,SC Heerenveen,Fortuna Sittard,2,2,D,1,1,D,2024-25,EREDIVISIE,Matchday 21
2025-02-01,NEC,PSV,3,3,D,0,0,D,2024-25,EREDIVISIE,Matchday 21
2025-02-02,Almere City,RKC Waalwijk,1,4,A,1,0,H,2024-25,EREDIVISIE,Matchday 21
2025-02-02,AFC Ajax,Feyenoord Rotterdam,2,1,H,1,0,H,2024-25,EREDIVISIE,Matchday 21
2025-02-02,Go Ahead Eagles,FC Twente '65,2,2,D,1,0,H,2024-25,EREDIVISIE,Matchday 21
2025-02-02,Sparta Rotterdam,FC Groningen,1,0,H,0,0,D,2024-25,EREDIVISIE,Matchday 21
2025-02-02,Willem II Tilburg,AZ,0,2,A,0,2,A,2024-25,EREDIVISIE,Matchday 21
2025-02-08,Heracles Almelo,Go Ahead Eagles,4,2,H,1,1,D,2024-25,EREDIVISIE,Matchday 22
2025-02-08,PSV,Willem II Tilburg,1,1,D,0,0,D,2024-25,EREDIVISIE,Matchday 22
2025-02-08,FC Groningen,NEC,2,1,H,2,0,H,2024-25,EREDIVISIE,Matchday 22
2025-02-08,Feyenoord Rotterdam,Sparta Rotterdam,3,0,H,1,0,H,2024-25,EREDIVISIE,Matchday 22
2025-02-09,FC Utrecht,Almere City,0,1,A,0,1,A,2024-25,EREDIVISIE,Matchday 22
2025-02-09,Fortuna Sittard,AFC Ajax,0,2,A,0,0,D,2024-25,EREDIVISIE,Matchday 22
2025-02-09,RKC Waalwijk,NAC Breda,5,0,H,3,0,H,2024-25,EREDIVISIE,Matchday 22
2025-02-09,AZ,PEC Zwolle,2,0,H,1,0,H,2024-25,EREDIVISIE,Matchday 22
2025-02-09,SC Heerenveen,FC Twente '65,3,3,D,1,2,A,2024-25,EREDIVISIE,Matchday 22
2025-02-14,Go Ahead Eagles,Sparta Rotterdam,1,0,H,1,0,H,2024-25,EREDIVISIE,Matchday 23
2025-02-15,PSV,FC Utrecht,2,2,D,1,1,D,2024-25,EREDIVISIE,Matchday 23
2025-02-15,NAC Breda,Feyenoord Rotterdam,0,0,D,0,0,D,2024-25,EREDIVISIE,Matchday 23
2025-02-15,Willem II Tilburg,FC Groningen,1,3,A,0,3,A,2024-25,EREDIVISIE,Matchday 23
2025-02-16,NEC,Almere City,2,2,D,1,1,D,2024-25,EREDIVISIE,Matchday 23
2025-02-16,PEC Zwolle,SC Heerenveen,1,1,D,1,0,H,2024-25,EREDIVISIE,Matchday 23
2025-02-16,FC Twente '65,RKC Waalwijk,2,0,H,1,0,H,2024-25,EREDIVISIE,Matchday 23
2025-02-16,AFC Ajax,Heracles Almelo,4,0,H,2,0,H,2024-25,EREDIVISIE,Matchday 23
2025-02-22,Feyenoord Rotterdam,Almere City,2,1,H,1,1,D,2024-25,EREDIVISIE,Matchday 20
2025-02-23,AFC Ajax,Go Ahead Eagles,2,0,H,0,0,D,2024-25,EREDIVISIE,Matchday 20
2025-02-23,FC Twente '65,NEC,2,0,H,1,0,H,2024-25,EREDIVISIE,Matchday 20
2025-02-23,AZ,Fortuna Sittard,1,0,H,0,0,D,2024-25,EREDIVISIE,Matchday 23
2025-02-28,RKC Waalwijk,Fortuna Sittard,1,2,A,0,1,A,2024-25,EREDIVISIE,Matchday 24
2025-03-01,FC Utrecht,NAC Breda,1,0,H,0,0,D,2024-25,EREDIVISIE,Matchday 24
2025-03-01,Go Ahead Eagles,PSV,3,2,H,1,2,A,2024-25,EREDIVISIE,Matchday 24
2025-03-01,FC Groningen,FC Twente '65,1,1,D,1,1,D,2024-25,EREDIVISIE,Matchday 24
2025-03-01,Feyenoord Rotterdam,NEC,0,0,D,0,0,D,2024-25,EREDIVISIE,Matchday 24
2025-03-02,SC Heerenveen,AZ,3,1,H,1,0,H,2024-25,EREDIVISIE,Matchday 24
2025-03-02,Almere City,AFC Ajax,0,1,A,0,1,A,2024-25,EREDIVISIE,Matchday 24
2025-03-02,Heracles Almelo,PEC Zwolle,4,2,H,2,2,D,2024-25,EREDIVISIE,Matchday 24
2025-03-02,Sparta Rotterdam,Willem II Tilburg,4,0,H,1,0,H,2024-25,EREDIVISIE,Matchday 24
2025-03-07,NAC Breda,Sparta Rotterdam,1,1,D,0,1,A,2024-25,EREDIVISIE,Matchday 25
2025-03-08,Fortuna Sittard,Heracles Almelo,1,0,H,0,0,D,2024-25,EREDIVISIE,Matchday 25
2025-03-08,PSV,SC Heerenveen,2,1,H,1,0,H,2024-25,EREDIVISIE,Matchday 25
2025-03-09,Willem II Tilburg,FC Utrecht,2,3,A,1,0,H,2024-25,EREDIVISIE,Matchday 25
2025-03-09,NEC,Go Ahead Eagles,2,3,A,0,1,A,2024-25,EREDIVISIE,Matchday 25
2025-03-09,PEC Zwolle,AFC Ajax,0,1,A,0,0,D,2024-25,EREDIVISIE,Matchday 25
2025-03-09,FC Twente '65,Almere City,1,0,H,1,0,H,2024-25,EREDIVISIE,Matchday 25
2025-03-14,Almere City,NAC Breda,1,1,D,1,1,D,2024-25,EREDIVISIE,Matchday 26
2025-03-15,FC Utrecht,NEC,0,1,A,0,0,D,2024-25,EREDIVISIE,Matchday 26
2025-03-15,Sparta Rotterdam,PEC Zwolle,1,1,D,0,0,D,2024-25,EREDIVISIE,Matchday 26
2025-03-15,RKC Waalwijk,PSV,0,3,A,0,2,A,2024-25,EREDIVISIE,Matchday 26
2025-03-15,SC Heerenveen,Heracles Almelo,1,1,D,1,1,D,2024-25,EREDIVISIE,Matchday 26
2025-03-16,Go Ahead Eagles,Willem II Tilburg,1,0,H,0,0,D,2024-25,EREDIVISIE,Matchday 26
2025-03-16,FC Groningen,Fortuna Sittard,1,0,H,0,0,D,2024-25,EREDIVISIE,Matchday 26
2025-03-16,FC Twente '65,Feyenoord Rotterdam,2,6,A,1,3,A,2024-25,EREDIVISIE,Matchday 26
2025-03-16,AFC Ajax,AZ,2,2,D,0,0,D,2024-25,EREDIVISIE,Matchday 26
2025-03-29,NAC Breda,FC Groningen,1,1,D,0,0,D,2024-25,EREDIVISIE,Matchday 27
2025-03-29,Fortuna Sittard,Sparta Rotterdam,0,3,A,0,2,A,2024-25,EREDIVISIE,Matchday 27
2025-03-29,Willem II Tilburg,Almere City,0,2,A,0,1,A,2024-25,EREDIVISIE,Matchday 27
2025-03-29,NEC,AZ,3,3,D,1,2,A,2024-25,EREDIVISIE,Matchday 27
2025-03-29,PEC Zwolle,RKC Waalwijk,2,0,H,0,0,D,2024-25,EREDIVISIE,Matchday 27
2025-03-30,FC Utrecht,SC Heerenveen,2,0,H,1,0,H,2024-25,EREDIVISIE,Matchday 27
2025-03-30,Heracles Almelo,FC Twente '65,2,1,H,1,0,H,2024-25,EREDIVISIE,Matchday 27
2025-03-30,PSV,AFC Ajax,0,2,A,0,1,A,2024-25,EREDIVISIE,Matchday 27
2025-03-30,Feyenoord Rotterdam,Go Ahead Eagles,3,2,H,1,1,D,2024-25,EREDIVISIE,Matchday 27
2025-04-01,AZ,RKC Waalwijk,2,2,D,1,0,H,2024-25,EREDIVISIE,Matchday 25
2025-04-02,Feyenoord Rotterdam,FC Groningen,4,1,H,2,1,H,2024-25,EREDIVISIE,Matchday 25
2025-04-04,SC Heerenveen,Willem II Tilburg,3,1,H,2,0,H,2024-25,EREDIVISIE,Matchday 28
2025-04-05,AZ,Feyenoord Rotterdam,0,1,A,0,1,A,2024-25,EREDIVISIE,Matchday 28
2025-04-05,FC Twente '65,Fortuna Sittard,1,1,D,1,0,H,2024-25,EREDIVISIE,Matchday 28
2025-04-05,FC Groningen,PSV,1,3,A,1,2,A,2024-25,EREDIVISIE,Matchday 28
2025-04-05,Almere City,PEC Zwolle,2,2,D,0,2,A,2024-25,EREDIVISIE,Matchday 28
2025-04-06,RKC Waalwijk,Heracles Almelo,0,0,D,0,0,D,2024-25,EREDIVISIE,Matchday 28
2025-04-06,Go Ahead Eagles,FC Utrecht,2,2,D,2,2,D,2024-25,EREDIVISIE,Matchday 28
2025-04-06,Sparta Rotterdam,NEC,2,0,H,1,0,H,2024-25,EREDIVISIE,Matchday 28
2025-04-06,AFC Ajax,NAC Breda,3,1,H,2,1,H,2024-25,EREDIVISIE,Matchday 28
2025-04-11,NEC,RKC Waalwijk,2,1,H,0,0,D,2024-25,EREDIVISIE,Matchday 29
2025-04-12,Fortuna Sittard,Feyenoord Rotterdam,0,2,A,0,0,D,2024-25,EREDIVISIE,Matchday 29
2025-04-12,Sparta Rotterdam,SC Heerenveen,3,1,H,1,0,H,2024-25,EREDIVISIE,Matchday 29
2025-04-12,PSV,Almere City,5,0,H,4,0,H,2024-25,EREDIVISIE,Matchday 29
2025-04-12,NAC Breda,Go Ahead Eagles,1,1,D,0,1,A,2024-25,EREDIVISIE,Matchday 29
2025-04-13,FC Utrecht,FC Groningen,3,1,H,3,1,H,2024-25,EREDIVISIE,Matchday 29
2025-04-13,Heracles Almelo,AZ,1,0,H,0,0,D,2024-25,EREDIVISIE,Matchday 29
2025-04-13,PEC Zwolle,FC Twente '65,1,1,D,0,0,D,2024-25,EREDIVISIE,Matchday 29
2025-04-13,Willem II Tilburg,AFC Ajax,1,2,A,1,0,H,2024-25,EREDIVISIE,Matchday 29
2025-04-19,SC Heerenveen,Almere City,2,1,H,2,1,H,2024-25,EREDIVISIE,Matchday 31
2025-04-20,FC Utrecht,AFC Ajax,4,0,H,1,0,H,2024-25,EREDIVISIE,Matchday 31
2025-04-23,FC Groningen,Heracles Almelo,4,1,H,2,1,H,2024-25,EREDIVISIE,Matchday 30
2025-04-24,AZ,NAC Breda,1,1,D,0,0,D,2024-25,EREDIVISIE,Matchday 30
2025-04-24,FC Twente '65,PSV,1,3,A,1,1,D,2024-25,EREDIVISIE,Matchday 30
2025-04-25,RKC Waalwijk,FC Utrecht,0,4,A,0,3,A,2024-25,EREDIVISIE,Matchday 30
2025-04-25,Feyenoord Rotterdam,PEC Zwolle,4,0,H,3,0,H,2024-25,EREDIVISIE,Matchday 30
2025-04-27,Fortuna Sittard,Willem II Tilburg,1,0,H,0,0,D,2024-25,EREDIVISIE,Matchday 30
2025-04-27,AFC Ajax,Sparta Rotterdam,1,1,D,0,0,D,2024-25,EREDIVISIE,Matchday 30
2025-04-27,SC Heerenveen,NEC,1,0,H,0,0,D,2024-25,EREDIVISIE,Matchday 30
2025-04-27,Almere City,Go Ahead Eagles,0,0,D,0,0,D,2024-25,EREDIVISIE,Matchday 30
2025-05-03,NEC,Willem II Tilburg,1,1,D,0,1,A,2024-25,EREDIVISIE,Matchday 31
2025-05-03,Heracles Almelo,Feyenoord Rotterdam,1,4,A,0,3,A,2024-25,EREDIVISIE,Matchday 31
2025-05-03,FC Groningen,RKC Waalwijk,6,1,H,2,0,H,2024-25,EREDIVISIE,Matchday 31
2025-05-03,PSV,Fortuna Sittard,4,1,H,2,0,H,2024-25,EREDIVISIE,Matchday 31
2025-05-04,NAC Breda,PEC Zwolle,1,3,A,0,0,D,2024-25,EREDIVISIE,Matchday 31
2025-05-04,Go Ahead Eagles,AZ,0,3,A,0,2,A,2024-25,EREDIVISIE,Matchday 31
2025-05-04,Sparta Rotterdam,FC Twente '65,0,2,A,0,2,A,2024-25,EREDIVISIE,Matchday 31
2025-05-09,Willem II Tilburg,Heracles Almelo,1,2,A,0,1,A,2024-25,EREDIVISIE,Matchday 32
2025-05-10,RKC Waalwijk,SC Heerenveen,3,1,H,1,1,D,2024-25,EREDIVISIE,Matchday 32
2025-05-10,Fortuna Sittard,NAC Breda,1,0,H,1,0,H,2024-25,EREDIVISIE,Matchday 32
2025-05-10,Almere City,Sparta Rotterdam,0,3,A,0,0,D,2024-25,EREDIVISIE,Matchday 32
2025-05-11,PEC Zwolle,Go Ahead Eagles,1,1,D,0,0,D,2024-25,EREDIVISIE,Matchday 32
2025-05-11,Feyenoord Rotterdam,PSV,2,3,A,2,0,H,2024-25,EREDIVISIE,Matchday 32
2025-05-11,FC Twente '65,FC Utrecht,2,0,H,1,0,H,2024-25,EREDIVISIE,Matchday 32
2025-05-11,AFC Ajax,NEC,0,3,A,0,0,D,2024-25,EREDIVISIE,Matchday 32
2025-05-11,AZ,FC Groningen,3,0,H,2,0,H,2024-25,EREDIVISIE,Matchday 32
2025-05-14,Almere City,Fortuna Sittard,1,1,D,1,0,H,2024-25,EREDIVISIE,Matchday 33
2025-05-14,FC Groningen,AFC Ajax,2,2,D,0,1,A,2024-25,EREDIVISIE,Matchday 33
2025-05-14,FC Utrecht,Sparta Rotterdam,1,1,D,1,1,D,2024-25,EREDIVISIE,Matchday 33
2025-05-14,Feyenoord Rotterdam,RKC Waalwijk,2,0,H,1,0,H,2024-25,EREDIVISIE,Matchday 33
2025-05-14,Go Ahead Eagles,SC Heerenveen,1,0,H,0,0,D,2024-25,EREDIVISIE,Matchday 33
2025-05-14,NEC,NAC Breda,3,0,H,1,0,H,2024-25,EREDIVISIE,Matchday 33
2025-05-14,PSV,Heracles Almelo,4,1,H,4,0,H,2024-25,EREDIVISIE,Matchday 33
2025-05-14,FC Twente '65,AZ,2,3,A,2,2,D,2024-25,EREDIVISIE,Matchday 33
2025-05-14,Willem II Tilburg,PEC Zwolle,1,2,A,0,1,A,2024-25,EREDIVISIE,Matchday 33
2025-05-18,AFC Ajax,FC Twente '65,2,0,H,1,0,H,2024-25,EREDIVISIE,Matchday 34
2025-05-18,AZ,Almere City,1,1,D,0,1,A,2024-25,EREDIVISIE,Matchday 34
2025-05-18,Fortuna Sittard,FC Utrecht,0,0,D,0,0,D,2024-25,EREDIVISIE,Matchday 34
2025-05-18,Heracles Almelo,NEC,1,2,A,0,0,D,2024-25,EREDIVISIE,Matchday 34
2025-05-18,NAC Breda,Willem II Tilburg,1,1,D,1,1,D,2024-25,EREDIVISIE,Matchday 34
2025-05-18,PEC Zwolle,FC Groningen,2,0,H,1,0,H,2024-25,EREDIVISIE,Matchday 34
2025-05-18,RKC Waalwijk,Go Ahead Eagles,5,3,H,1,1,D,2024-25,EREDIVISIE,Matchday 34
2025-05-18,SC Heerenveen,Feyenoord Rotterdam,2,0,H,2,0,H,2024-25,EREDIVISIE,Matchday 34
2025-05-18,Sparta Rotterdam,PSV,1,3,A,0,1,A,2024-25,EREDIVISIE,Matchday 34
