Date,HomeTeam,AwayTeam,FTHG,FTAG,FTR,HTHG,HTAG,HTR,Season,League,Round
2025-08-02,Accrington Stanley,Gillingham,1,1,D,0,0,D,2025-26,LEAGUE_TWO,1. Round
2025-08-02,Bristol Rovers,Harrogate Town,0,1,A,0,0,D,2025-26,LEAGUE_TWO,1. Round
2025-08-02,Cambridge United,Cheltenham Town,1,0,H,0,0,D,2025-26,LEAGUE_TWO,1. Round
2025-08-02,Colchester United,Tranmere Rovers,1,1,D,0,1,A,2025-26,LEAGUE_TWO,1. Round
2025-08-02,Barnet,Fleetwood Town,0,2,A,0,1,A,2025-26,LEAGUE_TWO,1. Round
2025-08-02,Chesterfield,Barrow,1,0,H,1,0,H,2025-26,LEAGUE_TWO,1. Round
2025-08-02,Grimsby Town,Crawley Town,3,0,H,2,0,H,2025-26,LEAGUE_TWO,1. Round
2025-08-02,Milton Keynes Dons,Oldham Athletic,0,0,D,0,0,D,2025-26,LEAGUE_TWO,1. Round
2025-08-02,Newport County,Notts County,1,1,D,0,0,D,2025-26,LEAGUE_TWO,1. Round
2025-08-02,Salford City,Crewe Alexandra,1,3,A,1,3,A,2025-26,LEAGUE_TWO,1. Round
2025-08-02,Shrewsbury Town,Bromley,0,0,D,0,0,D,2025-26,LEAGUE_TWO,1. Round
2025-08-02,Walsall,Swindon Town,2,1,H,1,0,H,2025-26,LEAGUE_TWO,1. Round
2025-08-09,Notts County,Salford City,1,2,A,0,1,A,2025-26,LEAGUE_TWO,2. Round
2025-08-09,Tranmere Rovers,Shrewsbury Town,4,0,H,2,0,H,2025-26,LEAGUE_TWO,2. Round
2025-08-09,Barrow,Milton Keynes Dons,0,2,A,0,0,D,2025-26,LEAGUE_TWO,2. Round
2025-08-09,Bromley,Barnet,2,0,H,1,0,H,2025-26,LEAGUE_TWO,2. Round
2025-08-09,Cheltenham Town,Chesterfield,0,2,A,0,0,D,2025-26,LEAGUE_TWO,2. Round
2025-08-09,Crawley Town,Newport County,1,2,A,0,0,D,2025-26,LEAGUE_TWO,2. Round
2025-08-09,Crewe Alexandra,Accrington Stanley,2,0,H,2,0,H,2025-26,LEAGUE_TWO,2. Round
2025-08-09,Gillingham,Walsall,1,0,H,0,0,D,2025-26,LEAGUE_TWO,2. Round
2025-08-09,Fleetwood Town,Bristol Rovers,2,1,H,2,0,H,2025-26,LEAGUE_TWO,2. Round
2025-08-09,Harrogate Town,Grimsby Town,3,3,D,0,0,D,2025-26,LEAGUE_TWO,2. Round
2025-08-09,Oldham Athletic,Colchester United,1,1,D,1,1,D,2025-26,LEAGUE_TWO,2. Round
2025-08-09,Swindon Town,Cambridge United,3,2,H,2,1,H,2025-26,LEAGUE_TWO,2. Round
2025-08-16,Chesterfield,Bristol Rovers,3,1,H,1,0,H,2025-26,LEAGUE_TWO,3. Round
2025-08-16,Oldham Athletic,Swindon Town,1,2,A,1,2,A,2025-26,LEAGUE_TWO,3. Round
2025-08-16,Barrow,Notts County,2,1,H,1,0,H,2025-26,LEAGUE_TWO,3. Round
2025-08-16,Bromley,Fleetwood Town,2,2,D,1,1,D,2025-26,LEAGUE_TWO,3. Round
2025-08-16,Cambridge United,Harrogate Town,1,1,D,1,0,H,2025-26,LEAGUE_TWO,3. Round
2025-08-16,Crewe Alexandra,Crawley Town,1,0,H,1,0,H,2025-26,LEAGUE_TWO,3. Round
2025-08-16,Barnet,Walsall,1,2,A,1,2,A,2025-26,LEAGUE_TWO,3. Round
2025-08-16,Grimsby Town,Newport County,2,1,H,1,0,H,2025-26,LEAGUE_TWO,3. Round
2025-08-16,Milton Keynes Dons,Cheltenham Town,5,0,H,3,0,H,2025-26,LEAGUE_TWO,3. Round
2025-08-16,Salford City,Accrington Stanley,2,1,H,2,0,H,2025-26,LEAGUE_TWO,3. Round
2025-08-16,Shrewsbury Town,Colchester United,0,2,A,0,0,D,2025-26,LEAGUE_TWO,3. Round
2025-08-16,Tranmere Rovers,Gillingham,1,1,D,0,0,D,2025-26,LEAGUE_TWO,3. Round
2025-08-19,Newport County,Salford City,0,1,A,0,0,D,2025-26,LEAGUE_TWO,4. Round
2025-08-19,Bristol Rovers,Oldham Athletic,0,0,D,0,0,D,2025-26,LEAGUE_TWO,4. Round
2025-08-19,Cheltenham Town,Bromley,1,2,A,0,1,A,2025-26,LEAGUE_TWO,4. Round
2025-08-19,Colchester United,Cambridge United,1,2,A,1,2,A,2025-26,LEAGUE_TWO,4. Round
2025-08-19,Crawley Town,Milton Keynes Dons,1,1,D,1,0,H,2025-26,LEAGUE_TWO,4. Round
2025-08-19,Gillingham,Chesterfield,4,1,H,1,0,H,2025-26,LEAGUE_TWO,4. Round
2025-08-19,Fleetwood Town,Crewe Alexandra,1,4,A,0,2,A,2025-26,LEAGUE_TWO,4. Round
2025-08-19,Harrogate Town,Barrow,1,0,H,1,0,H,2025-26,LEAGUE_TWO,4. Round
2025-08-19,Swindon Town,Barnet,0,2,A,0,0,D,2025-26,LEAGUE_TWO,4. Round
2025-08-19,Walsall,Grimsby Town,0,1,A,0,0,D,2025-26,LEAGUE_TWO,4. Round
2025-08-20,Notts County,Shrewsbury Town,4,1,H,2,1,H,2025-26,LEAGUE_TWO,4. Round
2025-10-28,Accrington Stanley,Tranmere Rovers,1,1,D,1,0,H,2025-26,LEAGUE_TWO,4. Round
2025-08-23,Newport County,Milton Keynes Dons,1,2,A,1,1,D,2025-26,LEAGUE_TWO,5. Round
2025-08-23,Walsall,Salford City,1,0,H,1,0,H,2025-26,LEAGUE_TWO,5. Round
2025-08-23,Accrington Stanley,Grimsby Town,1,1,D,0,1,A,2025-26,LEAGUE_TWO,5. Round
2025-08-23,Bristol Rovers,Cambridge United,1,0,H,1,0,H,2025-26,LEAGUE_TWO,5. Round
2025-08-23,Cheltenham Town,Barnet,0,1,A,0,0,D,2025-26,LEAGUE_TWO,5. Round
2025-08-23,Colchester United,Barrow,0,2,A,0,1,A,2025-26,LEAGUE_TWO,5. Round
2025-08-23,Crawley Town,Tranmere Rovers,0,2,A,0,0,D,2025-26,LEAGUE_TWO,5. Round
2025-08-23,Gillingham,Crewe Alexandra,1,0,H,0,0,D,2025-26,LEAGUE_TWO,5. Round
2025-08-23,Fleetwood Town,Oldham Athletic,1,1,D,1,1,D,2025-26,LEAGUE_TWO,5. Round
2025-08-23,Harrogate Town,Chesterfield,1,2,A,0,1,A,2025-26,LEAGUE_TWO,5. Round
2025-08-23,Notts County,Bromley,2,2,D,2,1,H,2025-26,LEAGUE_TWO,5. Round
2025-08-23,Swindon Town,Shrewsbury Town,2,1,H,1,0,H,2025-26,LEAGUE_TWO,5. Round
2025-08-29,Salford City,Cheltenham Town,1,1,D,0,0,D,2025-26,LEAGUE_TWO,6. Round
2025-08-30,Barrow,Fleetwood Town,0,1,A,0,1,A,2025-26,LEAGUE_TWO,6. Round
2025-08-30,Crewe Alexandra,Swindon Town,0,3,A,0,3,A,2025-26,LEAGUE_TWO,6. Round
2025-08-30,Bromley,Harrogate Town,2,0,H,0,0,D,2025-26,LEAGUE_TWO,6. Round
2025-08-30,Cambridge United,Newport County,2,0,H,1,0,H,2025-26,LEAGUE_TWO,6. Round
2025-08-30,Barnet,Colchester United,1,1,D,0,1,A,2025-26,LEAGUE_TWO,6. Round
2025-08-30,Chesterfield,Crawley Town,2,2,D,0,2,A,2025-26,LEAGUE_TWO,6. Round
2025-08-30,Grimsby Town,Bristol Rovers,0,1,A,0,1,A,2025-26,LEAGUE_TWO,6. Round
2025-08-30,Milton Keynes Dons,Walsall,0,1,A,0,0,D,2025-26,LEAGUE_TWO,6. Round
2025-08-30,Oldham Athletic,Gillingham,0,1,A,0,0,D,2025-26,LEAGUE_TWO,6. Round
2025-08-30,Shrewsbury Town,Accrington Stanley,0,0,D,0,0,D,2025-26,LEAGUE_TWO,6. Round
2025-08-30,Tranmere Rovers,Notts County,1,2,A,1,0,H,2025-26,LEAGUE_TWO,6. Round
2025-09-06,Newport County,Bristol Rovers,2,3,A,0,0,D,2025-26,LEAGUE_TWO,7. Round
2025-09-06,Barrow,Swindon Town,1,3,A,0,2,A,2025-26,LEAGUE_TWO,7. Round
2025-09-06,Cambridge United,Oldham Athletic,0,1,A,0,1,A,2025-26,LEAGUE_TWO,7. Round
2025-09-06,Cheltenham Town,Accrington Stanley,1,0,H,1,0,H,2025-26,LEAGUE_TWO,7. Round
2025-09-06,Colchester United,Crewe Alexandra,1,1,D,0,1,A,2025-26,LEAGUE_TWO,7. Round
2025-09-06,Barnet,Shrewsbury Town,1,3,A,1,3,A,2025-26,LEAGUE_TWO,7. Round
2025-09-06,Harrogate Town,Crawley Town,0,1,A,0,1,A,2025-26,LEAGUE_TWO,7. Round
2025-09-06,Milton Keynes Dons,Grimsby Town,2,3,A,0,3,A,2025-26,LEAGUE_TWO,7. Round
2025-09-06,Notts County,Fleetwood Town,1,0,H,0,0,D,2025-26,LEAGUE_TWO,7. Round
2025-09-06,Salford City,Tranmere Rovers,3,1,H,0,0,D,2025-26,LEAGUE_TWO,7. Round
2025-09-06,Walsall,Chesterfield,1,0,H,1,0,H,2025-26,LEAGUE_TWO,7. Round
2025-09-06,Bromley,Gillingham,2,2,D,2,0,H,2025-26,LEAGUE_TWO,7. Round
2025-09-13,Accrington Stanley,Colchester United,1,0,H,1,0,H,2025-26,LEAGUE_TWO,8. Round
2025-09-13,Crawley Town,Cheltenham Town,2,0,H,0,0,D,2025-26,LEAGUE_TWO,8. Round
2025-09-13,Bristol Rovers,Barrow,2,1,H,2,0,H,2025-26,LEAGUE_TWO,8. Round
2025-09-13,Crewe Alexandra,Barnet,1,2,A,0,0,D,2025-26,LEAGUE_TWO,8. Round
2025-09-13,Chesterfield,Milton Keynes Dons,1,1,D,0,1,A,2025-26,LEAGUE_TWO,8. Round
2025-09-13,Gillingham,Notts County,1,0,H,0,0,D,2025-26,LEAGUE_TWO,8. Round
2025-09-13,Fleetwood Town,Walsall,1,1,D,1,1,D,2025-26,LEAGUE_TWO,8. Round
2025-09-13,Grimsby Town,Cambridge United,1,1,D,0,1,A,2025-26,LEAGUE_TWO,8. Round
2025-09-13,Oldham Athletic,Bromley,1,0,H,0,0,D,2025-26,LEAGUE_TWO,8. Round
2025-09-13,Shrewsbury Town,Salford City,1,3,A,0,1,A,2025-26,LEAGUE_TWO,8. Round
2025-09-13,Swindon Town,Harrogate Town,3,1,H,1,1,D,2025-26,LEAGUE_TWO,8. Round
2025-09-13,Tranmere Rovers,Newport County,1,1,D,1,0,H,2025-26,LEAGUE_TWO,8. Round
2025-09-20,Cambridge United,Fleetwood Town,2,1,H,0,0,D,2025-26,LEAGUE_TWO,9. Round
2025-09-20,Harrogate Town,Shrewsbury Town,2,0,H,0,0,D,2025-26,LEAGUE_TWO,9. Round
2025-09-20,Barrow,Crewe Alexandra,1,0,H,0,0,D,2025-26,LEAGUE_TWO,9. Round
2025-09-20,Bromley,Chesterfield,2,2,D,1,1,D,2025-26,LEAGUE_TWO,9. Round
2025-09-20,Cheltenham Town,Oldham Athletic,0,3,A,0,1,A,2025-26,LEAGUE_TWO,9. Round
2025-09-20,Colchester United,Bristol Rovers,1,1,D,0,1,A,2025-26,LEAGUE_TWO,9. Round
2025-09-20,Barnet,Grimsby Town,3,0,H,1,0,H,2025-26,LEAGUE_TWO,9. Round
2025-09-20,Milton Keynes Dons,Accrington Stanley,1,2,A,0,1,A,2025-26,LEAGUE_TWO,9. Round
2025-09-20,Newport County,Gillingham,1,3,A,1,3,A,2025-26,LEAGUE_TWO,9. Round
2025-09-20,Notts County,Crawley Town,4,0,H,1,0,H,2025-26,LEAGUE_TWO,9. Round
2025-09-20,Salford City,Swindon Town,3,2,H,2,0,H,2025-26,LEAGUE_TWO,9. Round
2025-09-20,Walsall,Tranmere Rovers,4,2,H,2,1,H,2025-26,LEAGUE_TWO,9. Round
2025-09-27,Crewe Alexandra,Notts County,2,1,H,1,1,D,2025-26,LEAGUE_TWO,10. Round
2025-09-27,Oldham Athletic,Barnet,1,1,D,0,1,A,2025-26,LEAGUE_TWO,10. Round
2025-09-27,Accrington Stanley,Walsall,1,3,A,0,0,D,2025-26,LEAGUE_TWO,10. Round
2025-09-27,Bristol Rovers,Salford City,2,1,H,1,1,D,2025-26,LEAGUE_TWO,10. Round
2025-09-27,Crawley Town,Barrow,1,2,A,0,2,A,2025-26,LEAGUE_TWO,10. Round
2025-09-27,Chesterfield,Newport County,4,1,H,2,0,H,2025-26,LEAGUE_TWO,10. Round
2025-09-27,Gillingham,Harrogate Town,0,1,A,0,1,A,2025-26,LEAGUE_TWO,10. Round
2025-09-27,Fleetwood Town,Colchester United,4,2,H,1,2,A,2025-26,LEAGUE_TWO,10. Round
2025-09-27,Grimsby Town,Cheltenham Town,7,1,H,2,1,H,2025-26,LEAGUE_TWO,10. Round
2025-09-27,Shrewsbury Town,Milton Keynes Dons,1,2,A,0,2,A,2025-26,LEAGUE_TWO,10. Round
2025-09-27,Swindon Town,Bromley,2,0,H,2,0,H,2025-26,LEAGUE_TWO,10. Round
2025-09-27,Tranmere Rovers,Cambridge United,0,0,D,0,0,D,2025-26,LEAGUE_TWO,10. Round
2025-10-04,Milton Keynes Dons,Gillingham,3,2,H,1,0,H,2025-26,LEAGUE_TWO,11. Round
2025-10-04,Newport County,Swindon Town,0,1,A,0,1,A,2025-26,LEAGUE_TWO,11. Round
2025-10-04,Barrow,Shrewsbury Town,0,0,D,0,0,D,2025-26,LEAGUE_TWO,11. Round
2025-10-04,Bromley,Tranmere Rovers,3,3,D,2,1,H,2025-26,LEAGUE_TWO,11. Round
2025-10-04,Cambridge United,Crawley Town,3,1,H,1,0,H,2025-26,LEAGUE_TWO,11. Round
2025-10-04,Cheltenham Town,Fleetwood Town,2,0,H,0,0,D,2025-26,LEAGUE_TWO,11. Round
2025-10-04,Colchester United,Chesterfield,6,2,H,4,1,H,2025-26,LEAGUE_TWO,11. Round
2025-10-04,Barnet,Accrington Stanley,2,0,H,1,0,H,2025-26,LEAGUE_TWO,11. Round
2025-10-04,Notts County,Oldham Athletic,3,1,H,2,0,H,2025-26,LEAGUE_TWO,11. Round
2025-10-04,Salford City,Grimsby Town,0,2,A,0,2,A,2025-26,LEAGUE_TWO,11. Round
2025-10-04,Walsall,Bristol Rovers,2,1,H,0,1,A,2025-26,LEAGUE_TWO,11. Round
2025-10-06,Harrogate Town,Crewe Alexandra,1,2,A,1,1,D,2025-26,LEAGUE_TWO,11. Round
2025-10-11,Accrington Stanley,Newport County,0,1,A,0,1,A,2025-26,LEAGUE_TWO,12. Round
2025-10-11,Bristol Rovers,Milton Keynes Dons,0,4,A,0,1,A,2025-26,LEAGUE_TWO,12. Round
2025-10-11,Crawley Town,Walsall,1,1,D,1,0,H,2025-26,LEAGUE_TWO,12. Round
2025-10-11,Crewe Alexandra,Bromley,0,1,A,0,0,D,2025-26,LEAGUE_TWO,12. Round
2025-10-11,Chesterfield,Salford City,2,0,H,0,0,D,2025-26,LEAGUE_TWO,12. Round
2025-10-11,Gillingham,Cheltenham Town,1,1,D,0,0,D,2025-26,LEAGUE_TWO,12. Round
2025-10-11,Fleetwood Town,Harrogate Town,3,2,H,1,1,D,2025-26,LEAGUE_TWO,12. Round
2025-10-11,Grimsby Town,Colchester United,1,2,A,1,1,D,2025-26,LEAGUE_TWO,12. Round
2025-10-11,Shrewsbury Town,Cambridge United,2,0,H,2,0,H,2025-26,LEAGUE_TWO,12. Round
2025-10-11,Tranmere Rovers,Barnet,0,2,A,0,2,A,2025-26,LEAGUE_TWO,12. Round
2025-10-11,Oldham Athletic,Barrow,0,0,D,0,0,D,2025-26,LEAGUE_TWO,12. Round
2025-10-21,Swindon Town,Notts County,2,2,D,1,1,D,2025-26,LEAGUE_TWO,12. Round
2025-10-18,Cambridge United,Bromley,2,1,H,2,0,H,2025-26,LEAGUE_TWO,13. Round
2025-10-18,Salford City,Oldham Athletic,1,0,H,1,0,H,2025-26,LEAGUE_TWO,13. Round
2025-10-18,Accrington Stanley,Swindon Town,4,0,H,1,0,H,2025-26,LEAGUE_TWO,13. Round
2025-10-18,Bristol Rovers,Tranmere Rovers,1,4,A,0,1,A,2025-26,LEAGUE_TWO,13. Round
2025-10-18,Colchester United,Harrogate Town,3,1,H,3,1,H,2025-26,LEAGUE_TWO,13. Round
2025-10-18,Barnet,Notts County,0,1,A,0,0,D,2025-26,LEAGUE_TWO,13. Round
2025-10-18,Chesterfield,Fleetwood Town,1,1,D,1,1,D,2025-26,LEAGUE_TWO,13. Round
2025-10-18,Grimsby Town,Gillingham,1,0,H,0,0,D,2025-26,LEAGUE_TWO,13. Round
2025-10-18,Milton Keynes Dons,Crewe Alexandra,3,1,H,2,0,H,2025-26,LEAGUE_TWO,13. Round
2025-10-18,Newport County,Cheltenham Town,0,2,A,0,1,A,2025-26,LEAGUE_TWO,13. Round
2025-10-18,Shrewsbury Town,Crawley Town,1,0,H,0,0,D,2025-26,LEAGUE_TWO,13. Round
2025-10-18,Walsall,Barrow,1,2,A,0,1,A,2025-26,LEAGUE_TWO,13. Round
2025-10-25,Cheltenham Town,Walsall,1,0,H,0,0,D,2025-26,LEAGUE_TWO,14. Round
2025-10-25,Fleetwood Town,Accrington Stanley,2,1,H,0,1,A,2025-26,LEAGUE_TWO,14. Round
2025-10-25,Barrow,Barnet,2,2,D,1,0,H,2025-26,LEAGUE_TWO,14. Round
2025-10-25,Bromley,Milton Keynes Dons,2,1,H,0,1,A,2025-26,LEAGUE_TWO,14. Round
2025-10-25,Crawley Town,Bristol Rovers,4,0,H,1,0,H,2025-26,LEAGUE_TWO,14. Round
2025-10-25,Crewe Alexandra,Grimsby Town,3,2,H,2,2,D,2025-26,LEAGUE_TWO,14. Round
2025-10-25,Gillingham,Salford City,1,2,A,1,2,A,2025-26,LEAGUE_TWO,14. Round
2025-10-25,Harrogate Town,Newport County,0,3,A,0,1,A,2025-26,LEAGUE_TWO,14. Round
2025-10-25,Notts County,Cambridge United,2,0,H,0,0,D,2025-26,LEAGUE_TWO,14. Round
2025-10-25,Oldham Athletic,Shrewsbury Town,2,2,D,0,0,D,2025-26,LEAGUE_TWO,14. Round
2025-10-25,Swindon Town,Colchester United,0,0,D,0,0,D,2025-26,LEAGUE_TWO,14. Round
2025-10-25,Tranmere Rovers,Chesterfield,1,1,D,0,1,A,2025-26,LEAGUE_TWO,14. Round
2024-08-09,Chesterfield,Swindon Town,1,1,D,1,0,H,2024-25,LEAGUE_TWO,Matchday 1
2024-08-10,Barrow,Crewe Alexandra,1,0,H,1,0,H,2024-25,LEAGUE_TWO,Matchday 1
2024-08-10,AFC Wimbledon,Colchester United,4,2,H,3,2,H,2024-25,LEAGUE_TWO,Matchday 1
2024-08-10,Cheltenham Town,Newport County,3,2,H,2,2,D,2024-25,LEAGUE_TWO,Matchday 1
2024-08-10,Doncaster Rovers,Accrington Stanley,4,1,H,1,0,H,2024-25,LEAGUE_TWO,Matchday 1
2024-08-10,Gillingham,Carlisle United,4,1,H,1,0,H,2024-25,LEAGUE_TWO,Matchday 1
2024-08-10,Fleetwood Town,Grimsby Town,1,0,H,1,0,H,2024-25,LEAGUE_TWO,Matchday 1
2024-08-10,Harrogate Town,Bromley,0,2,A,0,0,D,2024-25,LEAGUE_TWO,Matchday 1
2024-08-10,Milton Keynes Dons,Bradford City,1,2,A,1,2,A,2024-25,LEAGUE_TWO,Matchday 1
2024-08-10,Salford City,Port Vale,0,2,A,0,1,A,2024-25,LEAGUE_TWO,Matchday 1
2024-08-10,Tranmere Rovers,Notts County,0,0,D,0,0,D,2024-25,LEAGUE_TWO,Matchday 1
2024-08-10,Walsall,Morecambe,1,0,H,1,0,H,2024-25,LEAGUE_TWO,Matchday 1
2024-08-17,Bromley,AFC Wimbledon,2,0,H,1,0,H,2024-25,LEAGUE_TWO,Matchday 2
2024-08-17,Carlisle United,Barrow,1,0,H,1,0,H,2024-25,LEAGUE_TWO,Matchday 2
2024-08-17,Accrington Stanley,Harrogate Town,3,3,D,1,2,A,2024-25,LEAGUE_TWO,Matchday 2
2024-08-17,Bradford City,Salford City,0,0,D,0,0,D,2024-25,LEAGUE_TWO,Matchday 2
2024-08-17,Colchester United,Milton Keynes Dons,2,0,H,0,0,D,2024-25,LEAGUE_TWO,Matchday 2
2024-08-17,Crewe Alexandra,Chesterfield,0,5,A,0,4,A,2024-25,LEAGUE_TWO,Matchday 2
2024-08-17,Morecambe,Gillingham,0,1,A,0,0,D,2024-25,LEAGUE_TWO,Matchday 2
2024-08-17,Grimsby Town,Cheltenham Town,3,2,H,1,0,H,2024-25,LEAGUE_TWO,Matchday 2
2024-08-17,Newport County,Doncaster Rovers,3,1,H,0,1,A,2024-25,LEAGUE_TWO,Matchday 2
2024-08-17,Port Vale,Tranmere Rovers,0,0,D,0,0,D,2024-25,LEAGUE_TWO,Matchday 2
2024-08-17,Swindon Town,Walsall,0,4,A,0,2,A,2024-25,LEAGUE_TWO,Matchday 2
2024-08-18,Notts County,Fleetwood Town,2,2,D,0,1,A,2024-25,LEAGUE_TWO,Matchday 2
2024-08-22,Notts County,Grimsby Town,4,1,H,3,1,H,2024-25,LEAGUE_TWO,Matchday 3
2024-08-24,Crewe Alexandra,Swindon Town,0,0,D,0,0,D,2024-25,LEAGUE_TWO,Matchday 3
2024-08-24,Tranmere Rovers,Walsall,1,0,H,1,0,H,2024-25,LEAGUE_TWO,Matchday 3
2024-08-24,Barrow,Port Vale,4,0,H,0,0,D,2024-25,LEAGUE_TWO,Matchday 3
2024-08-24,Bradford City,Bromley,3,1,H,2,0,H,2024-25,LEAGUE_TWO,Matchday 3
2024-08-24,Cheltenham Town,AFC Wimbledon,0,1,A,0,0,D,2024-25,LEAGUE_TWO,Matchday 3
2024-08-24,Colchester United,Harrogate Town,0,1,A,0,0,D,2024-25,LEAGUE_TWO,Matchday 3
2024-08-24,Doncaster Rovers,Morecambe,1,0,H,1,0,H,2024-25,LEAGUE_TWO,Matchday 3
2024-08-24,Chesterfield,Salford City,1,1,D,0,0,D,2024-25,LEAGUE_TWO,Matchday 3
2024-08-24,Fleetwood Town,Gillingham,0,0,D,0,0,D,2024-25,LEAGUE_TWO,Matchday 3
2024-08-24,Milton Keynes Dons,Carlisle United,3,0,H,2,0,H,2024-25,LEAGUE_TWO,Matchday 3
2024-08-24,Newport County,Accrington Stanley,3,1,H,1,1,D,2024-25,LEAGUE_TWO,Matchday 3
2024-08-31,Gillingham,Chesterfield,1,0,H,1,0,H,2024-25,LEAGUE_TWO,Matchday 4
2024-08-31,Port Vale,Doncaster Rovers,2,3,A,1,1,D,2024-25,LEAGUE_TWO,Matchday 4
2024-08-31,Accrington Stanley,Colchester United,1,1,D,1,0,H,2024-25,LEAGUE_TWO,Matchday 4
2024-08-31,AFC Wimbledon,Fleetwood Town,1,0,H,1,0,H,2024-25,LEAGUE_TWO,Matchday 4
2024-08-31,Bromley,Crewe Alexandra,1,2,A,1,0,H,2024-25,LEAGUE_TWO,Matchday 4
2024-08-31,Carlisle United,Tranmere Rovers,1,2,A,1,2,A,2024-25,LEAGUE_TWO,Matchday 4
2024-08-31,Morecambe,Newport County,0,1,A,0,1,A,2024-25,LEAGUE_TWO,Matchday 4
2024-08-31,Grimsby Town,Bradford City,2,1,H,1,0,H,2024-25,LEAGUE_TWO,Matchday 4
2024-08-31,Harrogate Town,Barrow,0,1,A,0,0,D,2024-25,LEAGUE_TWO,Matchday 4
2024-08-31,Swindon Town,Notts County,1,2,A,1,1,D,2024-25,LEAGUE_TWO,Matchday 4
2024-08-31,Walsall,Cheltenham Town,2,1,H,0,0,D,2024-25,LEAGUE_TWO,Matchday 4
2024-09-02,Salford City,Milton Keynes Dons,1,0,H,1,0,H,2024-25,LEAGUE_TWO,Matchday 4
2024-09-07,Barrow,Swindon Town,1,1,D,1,0,H,2024-25,LEAGUE_TWO,Matchday 5
2024-09-07,Bradford City,Carlisle United,2,1,H,1,0,H,2024-25,LEAGUE_TWO,Matchday 5
2024-09-07,Cheltenham Town,Harrogate Town,1,0,H,0,0,D,2024-25,LEAGUE_TWO,Matchday 5
2024-09-07,Colchester United,Bromley,1,1,D,0,1,A,2024-25,LEAGUE_TWO,Matchday 5
2024-09-07,Crewe Alexandra,Morecambe,1,0,H,1,0,H,2024-25,LEAGUE_TWO,Matchday 5
2024-09-07,Doncaster Rovers,Gillingham,1,0,H,1,0,H,2024-25,LEAGUE_TWO,Matchday 5
2024-09-07,Chesterfield,Grimsby Town,2,1,H,2,0,H,2024-25,LEAGUE_TWO,Matchday 5
2024-09-07,Milton Keynes Dons,Walsall,1,0,H,1,0,H,2024-25,LEAGUE_TWO,Matchday 5
2024-09-07,Newport County,Port Vale,1,4,A,1,2,A,2024-25,LEAGUE_TWO,Matchday 5
2024-09-07,Notts County,Accrington Stanley,2,0,H,1,0,H,2024-25,LEAGUE_TWO,Matchday 5
2024-10-29,Fleetwood Town,Salford City,2,2,D,1,1,D,2024-25,LEAGUE_TWO,Matchday 5
2024-11-26,Tranmere Rovers,AFC Wimbledon,0,2,A,0,1,A,2024-25,LEAGUE_TWO,Matchday 5
2024-09-12,Harrogate Town,Doncaster Rovers,2,0,H,2,0,H,2024-25,LEAGUE_TWO,Matchday 6
2024-09-14,AFC Wimbledon,Milton Keynes Dons,3,0,H,1,0,H,2024-25,LEAGUE_TWO,Matchday 6
2024-09-14,Swindon Town,Newport County,4,0,H,4,0,H,2024-25,LEAGUE_TWO,Matchday 6
2024-09-14,Accrington Stanley,Crewe Alexandra,0,1,A,0,0,D,2024-25,LEAGUE_TWO,Matchday 6
2024-09-14,Bromley,Notts County,2,4,A,2,1,H,2024-25,LEAGUE_TWO,Matchday 6
2024-09-14,Carlisle United,Fleetwood Town,2,3,A,1,2,A,2024-25,LEAGUE_TWO,Matchday 6
2024-09-14,Gillingham,Tranmere Rovers,3,0,H,0,0,D,2024-25,LEAGUE_TWO,Matchday 6
2024-09-14,Morecambe,Colchester United,3,3,D,1,1,D,2024-25,LEAGUE_TWO,Matchday 6
2024-09-14,Grimsby Town,Barrow,1,2,A,1,2,A,2024-25,LEAGUE_TWO,Matchday 6
2024-09-14,Port Vale,Chesterfield,1,0,H,1,0,H,2024-25,LEAGUE_TWO,Matchday 6
2024-09-14,Salford City,Cheltenham Town,2,1,H,0,0,D,2024-25,LEAGUE_TWO,Matchday 6
2024-09-14,Walsall,Bradford City,2,1,H,1,1,D,2024-25,LEAGUE_TWO,Matchday 6
2024-09-21,Accrington Stanley,Port Vale,2,2,D,2,0,H,2024-25,LEAGUE_TWO,Matchday 7
2024-09-21,Chesterfield,Cheltenham Town,1,1,D,1,0,H,2024-25,LEAGUE_TWO,Matchday 7
2024-09-21,Barrow,Newport County,2,0,H,1,0,H,2024-25,LEAGUE_TWO,Matchday 7
2024-09-21,Bradford City,AFC Wimbledon,0,0,D,0,0,D,2024-25,LEAGUE_TWO,Matchday 7
2024-09-21,Colchester United,Tranmere Rovers,3,0,H,2,0,H,2024-25,LEAGUE_TWO,Matchday 7
2024-09-21,Crewe Alexandra,Harrogate Town,3,0,H,2,0,H,2024-25,LEAGUE_TWO,Matchday 7
2024-09-21,Grimsby Town,Bromley,1,0,H,0,0,D,2024-25,LEAGUE_TWO,Matchday 7
2024-09-21,Milton Keynes Dons,Doncaster Rovers,1,1,D,1,0,H,2024-25,LEAGUE_TWO,Matchday 7
2024-09-21,Notts County,Gillingham,0,1,A,0,1,A,2024-25,LEAGUE_TWO,Matchday 7
2024-09-21,Salford City,Walsall,0,2,A,0,0,D,2024-25,LEAGUE_TWO,Matchday 7
2024-09-21,Swindon Town,Carlisle United,0,2,A,0,1,A,2024-25,LEAGUE_TWO,Matchday 7
2024-09-23,Fleetwood Town,Morecambe,2,2,D,2,0,H,2024-25,LEAGUE_TWO,Matchday 7
2024-09-27,Tranmere Rovers,Salford City,0,0,D,0,0,D,2024-25,LEAGUE_TWO,Matchday 8
2024-09-28,Harrogate Town,Bradford City,2,1,H,2,1,H,2024-25,LEAGUE_TWO,Matchday 8
2024-09-28,Walsall,Colchester United,4,0,H,1,0,H,2024-25,LEAGUE_TWO,Matchday 8
2024-09-28,Bromley,Milton Keynes Dons,1,1,D,1,1,D,2024-25,LEAGUE_TWO,Matchday 8
2024-09-28,Carlisle United,Grimsby Town,2,3,A,2,1,H,2024-25,LEAGUE_TWO,Matchday 8
2024-09-28,Cheltenham Town,Fleetwood Town,0,2,A,0,1,A,2024-25,LEAGUE_TWO,Matchday 8
2024-09-28,Doncaster Rovers,Chesterfield,0,3,A,0,1,A,2024-25,LEAGUE_TWO,Matchday 8
2024-09-28,Gillingham,Barrow,2,0,H,1,0,H,2024-25,LEAGUE_TWO,Matchday 8
2024-09-28,Morecambe,Notts County,1,1,D,1,0,H,2024-25,LEAGUE_TWO,Matchday 8
2024-09-28,Newport County,Crewe Alexandra,2,1,H,1,0,H,2024-25,LEAGUE_TWO,Matchday 8
2024-09-28,Port Vale,Swindon Town,2,1,H,0,0,D,2024-25,LEAGUE_TWO,Matchday 8
2024-11-19,AFC Wimbledon,Accrington Stanley,2,2,D,0,0,D,2024-25,LEAGUE_TWO,Matchday 8
2024-10-01,Bromley,Chesterfield,2,2,D,1,2,A,2024-25,LEAGUE_TWO,Matchday 9
2024-10-01,Carlisle United,Notts County,0,2,A,0,2,A,2024-25,LEAGUE_TWO,Matchday 9
2024-10-01,Cheltenham Town,Accrington Stanley,2,1,H,0,1,A,2024-25,LEAGUE_TWO,Matchday 9
2024-10-01,Doncaster Rovers,Barrow,1,0,H,0,0,D,2024-25,LEAGUE_TWO,Matchday 9
2024-10-01,Gillingham,Grimsby Town,0,1,A,0,1,A,2024-25,LEAGUE_TWO,Matchday 9
2024-10-01,Morecambe,Bradford City,1,1,D,1,0,H,2024-25,LEAGUE_TWO,Matchday 9
2024-10-01,Harrogate Town,Milton Keynes Dons,1,5,A,0,3,A,2024-25,LEAGUE_TWO,Matchday 9
2024-10-01,Newport County,Salford City,3,1,H,2,0,H,2024-25,LEAGUE_TWO,Matchday 9
2024-10-01,Port Vale,Colchester United,1,1,D,0,0,D,2024-25,LEAGUE_TWO,Matchday 9
2024-10-01,Tranmere Rovers,Swindon Town,1,1,D,1,0,H,2024-25,LEAGUE_TWO,Matchday 9
2024-10-01,Walsall,Fleetwood Town,2,6,A,2,1,H,2024-25,LEAGUE_TWO,Matchday 9
2025-02-11,AFC Wimbledon,Crewe Alexandra,3,0,H,2,0,H,2024-25,LEAGUE_TWO,Matchday 9
2024-10-05,Fleetwood Town,Bromley,0,0,D,0,0,D,2024-25,LEAGUE_TWO,Matchday 10
2024-10-05,Grimsby Town,Doncaster Rovers,0,3,A,0,3,A,2024-25,LEAGUE_TWO,Matchday 10
2024-10-05,Accrington Stanley,Morecambe,2,1,H,2,0,H,2024-25,LEAGUE_TWO,Matchday 10
2024-10-05,Barrow,Cheltenham Town,2,1,H,0,1,A,2024-25,LEAGUE_TWO,Matchday 10
2024-10-05,Colchester United,Carlisle United,0,0,D,0,0,D,2024-25,LEAGUE_TWO,Matchday 10
2024-10-05,Crewe Alexandra,Gillingham,2,0,H,1,0,H,2024-25,LEAGUE_TWO,Matchday 10
2024-10-05,Chesterfield,Walsall,2,2,D,1,1,D,2024-25,LEAGUE_TWO,Matchday 10
2024-10-05,Milton Keynes Dons,Tranmere Rovers,1,1,D,1,0,H,2024-25,LEAGUE_TWO,Matchday 10
2024-10-05,Notts County,Port Vale,0,1,A,0,1,A,2024-25,LEAGUE_TWO,Matchday 10
2024-10-05,Salford City,AFC Wimbledon,1,0,H,0,0,D,2024-25,LEAGUE_TWO,Matchday 10
2024-10-05,Swindon Town,Harrogate Town,0,0,D,0,0,D,2024-25,LEAGUE_TWO,Matchday 10
2024-10-07,Bradford City,Newport County,3,1,H,1,0,H,2024-25,LEAGUE_TWO,Matchday 10
2024-10-12,Chesterfield,Notts County,2,2,D,1,1,D,2024-25,LEAGUE_TWO,Matchday 11
2024-10-12,Barrow,Morecambe,0,1,A,0,0,D,2024-25,LEAGUE_TWO,Matchday 11
2024-10-12,AFC Wimbledon,Carlisle United,4,0,H,3,0,H,2024-25,LEAGUE_TWO,Matchday 11
2024-10-12,Cheltenham Town,Swindon Town,2,3,A,0,2,A,2024-25,LEAGUE_TWO,Matchday 11
2024-10-12,Doncaster Rovers,Crewe Alexandra,1,1,D,0,0,D,2024-25,LEAGUE_TWO,Matchday 11
2024-10-12,Gillingham,Accrington Stanley,1,2,A,0,0,D,2024-25,LEAGUE_TWO,Matchday 11
2024-10-12,Harrogate Town,Newport County,1,0,H,1,0,H,2024-25,LEAGUE_TWO,Matchday 11
2024-10-12,Milton Keynes Dons,Port Vale,0,1,A,0,0,D,2024-25,LEAGUE_TWO,Matchday 11
2024-10-12,Salford City,Grimsby Town,1,2,A,1,2,A,2024-25,LEAGUE_TWO,Matchday 11
2024-10-12,Tranmere Rovers,Bradford City,0,2,A,0,1,A,2024-25,LEAGUE_TWO,Matchday 11
2024-11-26,Walsall,Bromley,2,2,D,1,0,H,2024-25,LEAGUE_TWO,Matchday 11
2024-11-30,Fleetwood Town,Colchester United,0,0,D,0,0,D,2024-25,LEAGUE_TWO,Matchday 11
2024-10-18,Newport County,Chesterfield,0,3,A,0,1,A,2024-25,LEAGUE_TWO,Matchday 12
2024-10-19,Accrington Stanley,Barrow,1,0,H,1,0,H,2024-25,LEAGUE_TWO,Matchday 12
2024-10-19,Bradford City,Gillingham,2,1,H,2,1,H,2024-25,LEAGUE_TWO,Matchday 12
2024-10-19,Bromley,Tranmere Rovers,1,2,A,0,0,D,2024-25,LEAGUE_TWO,Matchday 12
2024-10-19,Carlisle United,Harrogate Town,1,1,D,1,1,D,2024-25,LEAGUE_TWO,Matchday 12
2024-10-19,Colchester United,Cheltenham Town,1,2,A,1,2,A,2024-25,LEAGUE_TWO,Matchday 12
2024-10-19,Crewe Alexandra,Salford City,1,1,D,1,1,D,2024-25,LEAGUE_TWO,Matchday 12
2024-10-19,Morecambe,Milton Keynes Dons,1,3,A,1,2,A,2024-25,LEAGUE_TWO,Matchday 12
2024-10-19,Grimsby Town,Walsall,1,4,A,0,0,D,2024-25,LEAGUE_TWO,Matchday 12
2024-10-19,Notts County,AFC Wimbledon,1,0,H,0,0,D,2024-25,LEAGUE_TWO,Matchday 12
2024-10-19,Port Vale,Fleetwood Town,3,1,H,1,1,D,2024-25,LEAGUE_TWO,Matchday 12
2024-10-19,Swindon Town,Doncaster Rovers,1,2,A,0,0,D,2024-25,LEAGUE_TWO,Matchday 12
2024-10-22,Barrow,Notts County,1,1,D,1,0,H,2024-25,LEAGUE_TWO,Matchday 13
2024-10-22,AFC Wimbledon,Morecambe,3,0,H,0,0,D,2024-25,LEAGUE_TWO,Matchday 13
2024-10-22,Cheltenham Town,Bradford City,1,1,D,1,1,D,2024-25,LEAGUE_TWO,Matchday 13
2024-10-22,Doncaster Rovers,Bromley,0,1,A,0,1,A,2024-25,LEAGUE_TWO,Matchday 13
2024-10-22,Chesterfield,Colchester United,1,1,D,0,1,A,2024-25,LEAGUE_TWO,Matchday 13
2024-10-22,Gillingham,Newport County,0,2,A,0,2,A,2024-25,LEAGUE_TWO,Matchday 13
2024-10-22,Fleetwood Town,Crewe Alexandra,0,1,A,0,0,D,2024-25,LEAGUE_TWO,Matchday 13
2024-10-22,Harrogate Town,Port Vale,0,1,A,0,0,D,2024-25,LEAGUE_TWO,Matchday 13
2024-10-22,Milton Keynes Dons,Accrington Stanley,2,1,H,1,0,H,2024-25,LEAGUE_TWO,Matchday 13
2024-10-22,Salford City,Swindon Town,2,1,H,1,0,H,2024-25,LEAGUE_TWO,Matchday 13
2024-10-22,Tranmere Rovers,Grimsby Town,0,1,A,0,0,D,2024-25,LEAGUE_TWO,Matchday 13
2024-10-22,Walsall,Carlisle United,3,1,H,1,0,H,2024-25,LEAGUE_TWO,Matchday 13
2024-10-26,Colchester United,Salford City,1,2,A,0,0,D,2024-25,LEAGUE_TWO,Matchday 14
2024-10-26,Morecambe,Chesterfield,2,5,A,1,1,D,2024-25,LEAGUE_TWO,Matchday 14
2024-10-26,Accrington Stanley,Walsall,0,0,D,0,0,D,2024-25,LEAGUE_TWO,Matchday 14
2024-10-26,Bradford City,Doncaster Rovers,1,2,A,0,0,D,2024-25,LEAGUE_TWO,Matchday 14
2024-10-26,Bromley,Barrow,1,1,D,0,1,A,2024-25,LEAGUE_TWO,Matchday 14
2024-10-26,Carlisle United,Cheltenham Town,0,1,A,0,1,A,2024-25,LEAGUE_TWO,Matchday 14
2024-10-26,Crewe Alexandra,Tranmere Rovers,3,1,H,1,1,D,2024-25,LEAGUE_TWO,Matchday 14
2024-10-26,Grimsby Town,Milton Keynes Dons,1,3,A,1,0,H,2024-25,LEAGUE_TWO,Matchday 14
2024-10-26,Newport County,Fleetwood Town,0,0,D,0,0,D,2024-25,LEAGUE_TWO,Matchday 14
2024-10-26,Notts County,Harrogate Town,1,0,H,0,0,D,2024-25,LEAGUE_TWO,Matchday 14
2024-10-26,Port Vale,AFC Wimbledon,3,2,H,2,0,H,2024-25,LEAGUE_TWO,Matchday 14
2024-10-26,Swindon Town,Gillingham,1,1,D,0,1,A,2024-25,LEAGUE_TWO,Matchday 14
2024-11-09,Harrogate Town,Morecambe,1,2,A,0,1,A,2024-25,LEAGUE_TWO,Matchday 15
2024-11-09,Salford City,Carlisle United,0,1,A,0,0,D,2024-25,LEAGUE_TWO,Matchday 15
2024-11-09,Barrow,Colchester United,1,1,D,1,0,H,2024-25,LEAGUE_TWO,Matchday 15
2024-11-09,AFC Wimbledon,Grimsby Town,0,1,A,0,1,A,2024-25,LEAGUE_TWO,Matchday 15
2024-11-09,Cheltenham Town,Bromley,1,1,D,0,0,D,2024-25,LEAGUE_TWO,Matchday 15
2024-11-09,Doncaster Rovers,Notts County,1,1,D,0,1,A,2024-25,LEAGUE_TWO,Matchday 15
2024-11-09,Chesterfield,Accrington Stanley,0,3,A,0,1,A,2024-25,LEAGUE_TWO,Matchday 15
2024-11-09,Gillingham,Port Vale,1,0,H,0,0,D,2024-25,LEAGUE_TWO,Matchday 15
2024-11-09,Fleetwood Town,Bradford City,1,0,H,1,0,H,2024-25,LEAGUE_TWO,Matchday 15
2024-11-09,Milton Keynes Dons,Swindon Town,3,1,H,1,1,D,2024-25,LEAGUE_TWO,Matchday 15
2024-11-09,Tranmere Rovers,Newport County,2,1,H,1,0,H,2024-25,LEAGUE_TWO,Matchday 15
2024-11-09,Walsall,Crewe Alexandra,1,1,D,0,0,D,2024-25,LEAGUE_TWO,Matchday 15
2024-11-16,Accrington Stanley,Swindon Town,2,2,D,2,1,H,2024-25,LEAGUE_TWO,Matchday 16
2024-11-16,Barrow,AFC Wimbledon,1,3,A,1,1,D,2024-25,LEAGUE_TWO,Matchday 16
2024-11-16,Bromley,Carlisle United,1,1,D,0,0,D,2024-25,LEAGUE_TWO,Matchday 16
2024-11-16,Colchester United,Bradford City,1,1,D,0,1,A,2024-25,LEAGUE_TWO,Matchday 16
2024-11-16,Crewe Alexandra,Notts County,2,0,H,1,0,H,2024-25,LEAGUE_TWO,Matchday 16
2024-11-16,Doncaster Rovers,Salford City,1,1,D,0,0,D,2024-25,LEAGUE_TWO,Matchday 16
2024-11-16,Morecambe,Port Vale,0,1,A,0,0,D,2024-25,LEAGUE_TWO,Matchday 16
2024-11-16,Harrogate Town,Chesterfield,2,1,H,0,0,D,2024-25,LEAGUE_TWO,Matchday 16
2024-11-16,Milton Keynes Dons,Cheltenham Town,3,2,H,1,2,A,2024-25,LEAGUE_TWO,Matchday 16
2024-11-16,Newport County,Grimsby Town,0,0,D,0,0,D,2024-25,LEAGUE_TWO,Matchday 16
2025-02-11,Tranmere Rovers,Fleetwood Town,0,0,D,0,0,D,2024-25,LEAGUE_TWO,Matchday 16
2025-02-11,Walsall,Gillingham,1,1,D,0,0,D,2024-25,LEAGUE_TWO,Matchday 16
2024-11-22,Cheltenham Town,Tranmere Rovers,1,0,H,0,0,D,2024-25,LEAGUE_TWO,Matchday 17
2024-11-23,Grimsby Town,Colchester United,0,1,A,0,0,D,2024-25,LEAGUE_TWO,Matchday 17
2024-11-23,Notts County,Newport County,0,0,D,0,0,D,2024-25,LEAGUE_TWO,Matchday 17
2024-11-23,AFC Wimbledon,Walsall,0,1,A,0,0,D,2024-25,LEAGUE_TWO,Matchday 17
2024-11-23,Carlisle United,Doncaster Rovers,0,0,D,0,0,D,2024-25,LEAGUE_TWO,Matchday 17
2024-11-23,Chesterfield,Barrow,1,0,H,0,0,D,2024-25,LEAGUE_TWO,Matchday 17
2024-11-23,Gillingham,Harrogate Town,1,2,A,0,0,D,2024-25,LEAGUE_TWO,Matchday 17
2024-11-23,Swindon Town,Morecambe,2,3,A,1,2,A,2024-25,LEAGUE_TWO,Matchday 17
2024-11-25,Port Vale,Crewe Alexandra,1,1,D,1,0,H,2024-25,LEAGUE_TWO,Matchday 17
2025-01-21,Fleetwood Town,Milton Keynes Dons,2,1,H,1,0,H,2024-25,LEAGUE_TWO,Matchday 17
2025-02-04,Salford City,Bromley,3,3,D,0,2,A,2024-25,LEAGUE_TWO,Matchday 17
2025-02-11,Bradford City,Accrington Stanley,1,0,H,1,0,H,2024-25,LEAGUE_TWO,Matchday 17
2024-11-30,Carlisle United,Crewe Alexandra,1,1,D,1,0,H,2024-25,LEAGUE_TWO,Matchday 18
2024-12-03,AFC Wimbledon,Newport County,2,2,D,2,1,H,2024-25,LEAGUE_TWO,Matchday 18
2024-12-03,Bradford City,Barrow,1,1,D,0,0,D,2024-25,LEAGUE_TWO,Matchday 18
2024-12-03,Cheltenham Town,Port Vale,1,1,D,0,0,D,2024-25,LEAGUE_TWO,Matchday 18
2024-12-03,Colchester United,Swindon Town,4,0,H,4,0,H,2024-25,LEAGUE_TWO,Matchday 18
2024-12-03,Grimsby Town,Accrington Stanley,5,2,H,4,0,H,2024-25,LEAGUE_TWO,Matchday 18
2024-12-03,Milton Keynes Dons,Chesterfield,3,0,H,2,0,H,2024-25,LEAGUE_TWO,Matchday 18
2024-12-03,Salford City,Harrogate Town,2,0,H,1,0,H,2024-25,LEAGUE_TWO,Matchday 18
2024-12-03,Tranmere Rovers,Morecambe,2,2,D,0,1,A,2024-25,LEAGUE_TWO,Matchday 18
2024-12-03,Walsall,Notts County,3,2,H,0,0,D,2024-25,LEAGUE_TWO,Matchday 18
2024-12-04,Bromley,Gillingham,2,1,H,0,0,D,2024-25,LEAGUE_TWO,Matchday 18
2024-12-04,Fleetwood Town,Doncaster Rovers,2,4,A,2,3,A,2024-25,LEAGUE_TWO,Matchday 18
2024-12-07,Crewe Alexandra,Bradford City,1,1,D,0,0,D,2024-25,LEAGUE_TWO,Matchday 19
2024-12-07,Port Vale,Walsall,0,1,A,0,0,D,2024-25,LEAGUE_TWO,Matchday 19
2024-12-07,Accrington Stanley,Bromley,1,2,A,1,1,D,2024-25,LEAGUE_TWO,Matchday 19
2024-12-07,Doncaster Rovers,Cheltenham Town,2,2,D,0,1,A,2024-25,LEAGUE_TWO,Matchday 19
2024-12-07,Chesterfield,Tranmere Rovers,3,0,H,2,0,H,2024-25,LEAGUE_TWO,Matchday 19
2024-12-07,Gillingham,Salford City,1,0,H,0,0,D,2024-25,LEAGUE_TWO,Matchday 19
2024-12-07,Morecambe,Grimsby Town,0,3,A,0,2,A,2024-25,LEAGUE_TWO,Matchday 19
2024-12-07,Harrogate Town,AFC Wimbledon,0,3,A,0,2,A,2024-25,LEAGUE_TWO,Matchday 19
2024-12-07,Swindon Town,Fleetwood Town,3,1,H,2,0,H,2024-25,LEAGUE_TWO,Matchday 19
2025-02-11,Barrow,Milton Keynes Dons,2,1,H,1,1,D,2024-25,LEAGUE_TWO,Matchday 19
2025-02-11,Newport County,Carlisle United,1,0,H,0,0,D,2024-25,LEAGUE_TWO,Matchday 19
2025-02-18,Notts County,Colchester United,1,1,D,1,0,H,2024-25,LEAGUE_TWO,Matchday 19
2024-12-14,Salford City,Notts County,3,0,H,2,0,H,2024-25,LEAGUE_TWO,Matchday 20
2024-12-14,Tranmere Rovers,Harrogate Town,2,1,H,1,1,D,2024-25,LEAGUE_TWO,Matchday 20
2024-12-14,AFC Wimbledon,Doncaster Rovers,1,0,H,1,0,H,2024-25,LEAGUE_TWO,Matchday 20
2024-12-14,Bradford City,Swindon Town,1,0,H,1,0,H,2024-25,LEAGUE_TWO,Matchday 20
2024-12-14,Bromley,Port Vale,0,0,D,0,0,D,2024-25,LEAGUE_TWO,Matchday 20
2024-12-14,Carlisle United,Chesterfield,0,2,A,0,1,A,2024-25,LEAGUE_TWO,Matchday 20
2024-12-14,Cheltenham Town,Morecambe,2,0,H,1,0,H,2024-25,LEAGUE_TWO,Matchday 20
2024-12-14,Colchester United,Newport County,0,0,D,0,0,D,2024-25,LEAGUE_TWO,Matchday 20
2024-12-14,Grimsby Town,Crewe Alexandra,0,2,A,0,0,D,2024-25,LEAGUE_TWO,Matchday 20
2024-12-14,Milton Keynes Dons,Gillingham,0,1,A,0,0,D,2024-25,LEAGUE_TWO,Matchday 20
2024-12-14,Walsall,Barrow,1,0,H,1,0,H,2024-25,LEAGUE_TWO,Matchday 20
2024-12-16,Fleetwood Town,Accrington Stanley,1,1,D,0,1,A,2024-25,LEAGUE_TWO,Matchday 20
2024-12-20,Crewe Alexandra,Colchester United,0,0,D,0,0,D,2024-25,LEAGUE_TWO,Matchday 21
2024-12-20,Gillingham,Cheltenham Town,2,2,D,1,1,D,2024-25,LEAGUE_TWO,Matchday 21
2024-12-21,Barrow,Fleetwood Town,2,0,H,2,0,H,2024-25,LEAGUE_TWO,Matchday 21
2024-12-21,Doncaster Rovers,Tranmere Rovers,3,1,H,1,0,H,2024-25,LEAGUE_TWO,Matchday 21
2024-12-21,Accrington Stanley,Salford City,0,2,A,0,0,D,2024-25,LEAGUE_TWO,Matchday 21
2024-12-21,Chesterfield,AFC Wimbledon,1,0,H,1,0,H,2024-25,LEAGUE_TWO,Matchday 21
2024-12-21,Morecambe,Bromley,0,2,A,0,1,A,2024-25,LEAGUE_TWO,Matchday 21
2024-12-21,Harrogate Town,Walsall,0,2,A,0,1,A,2024-25,LEAGUE_TWO,Matchday 21
2024-12-21,Newport County,Milton Keynes Dons,6,3,H,4,1,H,2024-25,LEAGUE_TWO,Matchday 21
2024-12-21,Notts County,Bradford City,3,0,H,3,0,H,2024-25,LEAGUE_TWO,Matchday 21
2024-12-21,Port Vale,Carlisle United,0,0,D,0,0,D,2024-25,LEAGUE_TWO,Matchday 21
2024-12-21,Swindon Town,Grimsby Town,3,1,H,2,0,H,2024-25,LEAGUE_TWO,Matchday 21
2024-12-26,AFC Wimbledon,Swindon Town,1,1,D,0,1,A,2024-25,LEAGUE_TWO,Matchday 22
2024-12-26,Bradford City,Port Vale,2,1,H,1,0,H,2024-25,LEAGUE_TWO,Matchday 22
2024-12-26,Bromley,Newport County,5,2,H,2,0,H,2024-25,LEAGUE_TWO,Matchday 22
2024-12-26,Carlisle United,Morecambe,0,1,A,0,0,D,2024-25,LEAGUE_TWO,Matchday 22
2024-12-26,Cheltenham Town,Crewe Alexandra,2,1,H,0,0,D,2024-25,LEAGUE_TWO,Matchday 22
2024-12-26,Colchester United,Gillingham,2,0,H,1,0,H,2024-25,LEAGUE_TWO,Matchday 22
2024-12-26,Fleetwood Town,Chesterfield,2,0,H,1,0,H,2024-25,LEAGUE_TWO,Matchday 22
2024-12-26,Grimsby Town,Harrogate Town,2,1,H,0,0,D,2024-25,LEAGUE_TWO,Matchday 22
2024-12-26,Milton Keynes Dons,Notts County,0,2,A,0,0,D,2024-25,LEAGUE_TWO,Matchday 22
2024-12-26,Salford City,Barrow,3,0,H,2,0,H,2024-25,LEAGUE_TWO,Matchday 22
2024-12-26,Walsall,Doncaster Rovers,2,0,H,0,0,D,2024-25,LEAGUE_TWO,Matchday 22
2025-02-25,Tranmere Rovers,Accrington Stanley,0,1,A,0,0,D,2024-25,LEAGUE_TWO,Matchday 22
2024-12-29,Bromley,Swindon Town,1,1,D,0,0,D,2024-25,LEAGUE_TWO,Matchday 23
2024-12-29,Carlisle United,Accrington Stanley,2,1,H,1,0,H,2024-25,LEAGUE_TWO,Matchday 23
2024-12-29,Bradford City,Chesterfield,2,1,H,1,1,D,2024-25,LEAGUE_TWO,Matchday 23
2024-12-29,Cheltenham Town,Notts County,3,5,A,1,2,A,2024-25,LEAGUE_TWO,Matchday 23
2024-12-29,Colchester United,Doncaster Rovers,1,1,D,0,1,A,2024-25,LEAGUE_TWO,Matchday 23
2024-12-29,Fleetwood Town,Harrogate Town,1,1,D,1,1,D,2024-25,LEAGUE_TWO,Matchday 23
2024-12-29,Grimsby Town,Port Vale,3,0,H,1,0,H,2024-25,LEAGUE_TWO,Matchday 23
2024-12-29,Milton Keynes Dons,Crewe Alexandra,1,1,D,1,0,H,2024-25,LEAGUE_TWO,Matchday 23
2024-12-29,Salford City,Morecambe,1,0,H,0,0,D,2024-25,LEAGUE_TWO,Matchday 23
2024-12-29,Tranmere Rovers,Barrow,1,1,D,1,1,D,2024-25,LEAGUE_TWO,Matchday 23
2024-12-29,Walsall,Newport County,2,0,H,0,0,D,2024-25,LEAGUE_TWO,Matchday 23
2024-12-30,AFC Wimbledon,Gillingham,1,0,H,0,0,D,2024-25,LEAGUE_TWO,Matchday 23
2025-01-01,Accrington Stanley,Grimsby Town,3,2,H,1,2,A,2024-25,LEAGUE_TWO,Matchday 24
2025-01-01,Barrow,Bradford City,2,2,D,1,1,D,2024-25,LEAGUE_TWO,Matchday 24
2025-01-01,Crewe Alexandra,Carlisle United,3,2,H,1,1,D,2024-25,LEAGUE_TWO,Matchday 24
2025-01-01,Doncaster Rovers,Fleetwood Town,2,1,H,1,0,H,2024-25,LEAGUE_TWO,Matchday 24
2025-01-01,Chesterfield,Milton Keynes Dons,1,2,A,0,2,A,2024-25,LEAGUE_TWO,Matchday 24
2025-01-01,Morecambe,Tranmere Rovers,2,0,H,0,0,D,2024-25,LEAGUE_TWO,Matchday 24
2025-01-01,Harrogate Town,Salford City,0,2,A,0,1,A,2024-25,LEAGUE_TWO,Matchday 24
2025-01-01,Notts County,Walsall,1,2,A,1,0,H,2024-25,LEAGUE_TWO,Matchday 24
2025-01-01,Port Vale,Cheltenham Town,0,0,D,0,0,D,2024-25,LEAGUE_TWO,Matchday 24
2025-01-01,Swindon Town,Colchester United,3,2,H,1,1,D,2024-25,LEAGUE_TWO,Matchday 24
2025-01-02,Gillingham,Bromley,0,3,A,0,2,A,2024-25,LEAGUE_TWO,Matchday 24
2025-01-02,Newport County,AFC Wimbledon,1,2,A,0,0,D,2024-25,LEAGUE_TWO,Matchday 24
2025-01-04,Notts County,Swindon Town,2,0,H,2,0,H,2024-25,LEAGUE_TWO,Matchday 25
2025-01-04,Bradford City,Grimsby Town,3,1,H,1,0,H,2024-25,LEAGUE_TWO,Matchday 25
2025-01-04,Barrow,Harrogate Town,0,2,A,0,0,D,2024-25,LEAGUE_TWO,Matchday 25
2025-01-04,Colchester United,Accrington Stanley,0,2,A,0,1,A,2024-25,LEAGUE_TWO,Matchday 25
2025-01-04,Doncaster Rovers,Port Vale,1,2,A,0,1,A,2024-25,LEAGUE_TWO,Matchday 25
2025-01-04,Milton Keynes Dons,Salford City,0,1,A,0,1,A,2024-25,LEAGUE_TWO,Matchday 25
2025-01-04,Tranmere Rovers,Carlisle United,1,0,H,1,0,H,2024-25,LEAGUE_TWO,Matchday 25
2025-01-05,Crewe Alexandra,Bromley,4,1,H,3,1,H,2024-25,LEAGUE_TWO,Matchday 25
2025-02-04,Newport County,Morecambe,2,1,H,1,0,H,2024-25,LEAGUE_TWO,Matchday 25
2025-02-18,Fleetwood Town,AFC Wimbledon,0,0,D,0,0,D,2024-25,LEAGUE_TWO,Matchday 25
2025-02-25,Cheltenham Town,Walsall,2,2,D,0,1,A,2024-25,LEAGUE_TWO,Matchday 25
2025-04-08,Chesterfield,Gillingham,1,1,D,0,1,A,2024-25,LEAGUE_TWO,Matchday 25
2025-01-11,Walsall,Tranmere Rovers,5,1,H,2,1,H,2024-25,LEAGUE_TWO,Matchday 26
2025-01-11,Swindon Town,Crewe Alexandra,0,0,D,0,0,D,2024-25,LEAGUE_TWO,Matchday 26
2025-01-21,Harrogate Town,Colchester United,0,0,D,0,0,D,2024-25,LEAGUE_TWO,Matchday 26
2025-02-18,Morecambe,Doncaster Rovers,0,1,A,0,1,A,2024-25,LEAGUE_TWO,Matchday 26
2025-02-25,Bromley,Bradford City,0,1,A,0,0,D,2024-25,LEAGUE_TWO,Matchday 26
2025-02-25,Gillingham,Fleetwood Town,1,2,A,1,1,D,2024-25,LEAGUE_TWO,Matchday 26
2025-03-11,Accrington Stanley,Newport County,5,0,H,3,0,H,2024-25,LEAGUE_TWO,Matchday 26
2025-03-11,AFC Wimbledon,Cheltenham Town,1,2,A,1,1,D,2024-25,LEAGUE_TWO,Matchday 26
2025-03-11,Grimsby Town,Notts County,0,2,A,0,0,D,2024-25,LEAGUE_TWO,Matchday 26
2025-03-11,Salford City,Chesterfield,0,4,A,0,2,A,2024-25,LEAGUE_TWO,Matchday 26
2025-03-25,Port Vale,Barrow,0,1,A,0,1,A,2024-25,LEAGUE_TWO,Matchday 26
2025-03-25,Carlisle United,Milton Keynes Dons,2,2,D,2,2,D,2024-25,LEAGUE_TWO,Matchday 26
2025-01-17,Harrogate Town,Cheltenham Town,2,0,H,1,0,H,2024-25,LEAGUE_TWO,Matchday 27
2025-01-18,Carlisle United,Bradford City,0,1,A,0,0,D,2024-25,LEAGUE_TWO,Matchday 27
2025-01-18,Gillingham,Doncaster Rovers,0,1,A,0,1,A,2024-25,LEAGUE_TWO,Matchday 27
2025-01-18,Accrington Stanley,Notts County,0,3,A,0,2,A,2024-25,LEAGUE_TWO,Matchday 27
2025-01-18,AFC Wimbledon,Tranmere Rovers,2,0,H,0,0,D,2024-25,LEAGUE_TWO,Matchday 27
2025-01-18,Bromley,Colchester United,0,1,A,0,1,A,2024-25,LEAGUE_TWO,Matchday 27
2025-01-18,Morecambe,Crewe Alexandra,0,1,A,0,0,D,2024-25,LEAGUE_TWO,Matchday 27
2025-01-18,Grimsby Town,Chesterfield,1,1,D,1,1,D,2024-25,LEAGUE_TWO,Matchday 27
2025-01-18,Port Vale,Newport County,3,2,H,1,2,A,2024-25,LEAGUE_TWO,Matchday 27
2025-01-18,Salford City,Fleetwood Town,0,2,A,0,2,A,2024-25,LEAGUE_TWO,Matchday 27
2025-01-18,Swindon Town,Barrow,2,0,H,1,0,H,2024-25,LEAGUE_TWO,Matchday 27
2025-01-18,Walsall,Milton Keynes Dons,4,2,H,1,1,D,2024-25,LEAGUE_TWO,Matchday 27
2025-01-24,Newport County,Swindon Town,1,2,A,1,1,D,2024-25,LEAGUE_TWO,Matchday 28
2025-01-25,Bradford City,Walsall,3,0,H,2,0,H,2024-25,LEAGUE_TWO,Matchday 28
2025-01-25,Milton Keynes Dons,AFC Wimbledon,0,0,D,0,0,D,2024-25,LEAGUE_TWO,Matchday 28
2025-01-25,Barrow,Grimsby Town,3,0,H,1,0,H,2024-25,LEAGUE_TWO,Matchday 28
2025-01-25,Cheltenham Town,Salford City,2,1,H,1,0,H,2024-25,LEAGUE_TWO,Matchday 28
2025-01-25,Colchester United,Morecambe,1,0,H,0,0,D,2024-25,LEAGUE_TWO,Matchday 28
2025-01-25,Crewe Alexandra,Accrington Stanley,0,1,A,0,1,A,2024-25,LEAGUE_TWO,Matchday 28
2025-01-25,Doncaster Rovers,Harrogate Town,1,0,H,0,0,D,2024-25,LEAGUE_TWO,Matchday 28
2025-01-25,Chesterfield,Port Vale,1,1,D,0,1,A,2024-25,LEAGUE_TWO,Matchday 28
2025-01-25,Fleetwood Town,Carlisle United,1,2,A,0,1,A,2024-25,LEAGUE_TWO,Matchday 28
2025-01-25,Notts County,Bromley,1,1,D,0,0,D,2024-25,LEAGUE_TWO,Matchday 28
2025-01-25,Tranmere Rovers,Gillingham,1,1,D,1,1,D,2024-25,LEAGUE_TWO,Matchday 28
2025-01-28,Accrington Stanley,Cheltenham Town,0,0,D,0,0,D,2024-25,LEAGUE_TWO,Matchday 29
2025-01-28,Bradford City,Morecambe,1,0,H,1,0,H,2024-25,LEAGUE_TWO,Matchday 29
2025-01-28,Crewe Alexandra,AFC Wimbledon,1,1,D,1,1,D,2024-25,LEAGUE_TWO,Matchday 29
2025-01-28,Chesterfield,Bromley,3,0,H,1,0,H,2024-25,LEAGUE_TWO,Matchday 29
2025-01-28,Fleetwood Town,Walsall,2,0,H,2,0,H,2024-25,LEAGUE_TWO,Matchday 29
2025-01-28,Grimsby Town,Gillingham,1,1,D,0,1,A,2024-25,LEAGUE_TWO,Matchday 29
2025-01-28,Milton Keynes Dons,Harrogate Town,2,1,H,1,0,H,2024-25,LEAGUE_TWO,Matchday 29
2025-01-28,Notts County,Carlisle United,1,0,H,1,0,H,2024-25,LEAGUE_TWO,Matchday 29
2025-01-28,Salford City,Newport County,1,1,D,1,1,D,2024-25,LEAGUE_TWO,Matchday 29
2025-01-28,Swindon Town,Tranmere Rovers,3,1,H,0,1,A,2024-25,LEAGUE_TWO,Matchday 29
2025-01-29,Barrow,Doncaster Rovers,1,3,A,1,2,A,2024-25,LEAGUE_TWO,Matchday 29
2025-03-11,Colchester United,Port Vale,2,1,H,1,0,H,2024-25,LEAGUE_TWO,Matchday 29
2025-02-01,Cheltenham Town,Chesterfield,1,0,H,0,0,D,2024-25,LEAGUE_TWO,Matchday 30
2025-02-01,Gillingham,Notts County,1,2,A,0,2,A,2024-25,LEAGUE_TWO,Matchday 30
2025-02-01,AFC Wimbledon,Bradford City,1,0,H,1,0,H,2024-25,LEAGUE_TWO,Matchday 30
2025-02-01,Bromley,Grimsby Town,0,2,A,0,0,D,2024-25,LEAGUE_TWO,Matchday 30
2025-02-01,Carlisle United,Swindon Town,1,5,A,0,1,A,2024-25,LEAGUE_TWO,Matchday 30
2025-02-01,Doncaster Rovers,Milton Keynes Dons,2,1,H,1,0,H,2024-25,LEAGUE_TWO,Matchday 30
2025-02-01,Morecambe,Fleetwood Town,4,2,H,1,1,D,2024-25,LEAGUE_TWO,Matchday 30
2025-02-01,Harrogate Town,Crewe Alexandra,1,1,D,1,0,H,2024-25,LEAGUE_TWO,Matchday 30
2025-02-01,Newport County,Barrow,1,0,H,0,0,D,2024-25,LEAGUE_TWO,Matchday 30
2025-02-01,Port Vale,Accrington Stanley,2,1,H,1,0,H,2024-25,LEAGUE_TWO,Matchday 30
2025-02-01,Tranmere Rovers,Colchester United,1,3,A,0,2,A,2024-25,LEAGUE_TWO,Matchday 30
2025-02-01,Walsall,Salford City,2,2,D,0,1,A,2024-25,LEAGUE_TWO,Matchday 30
2025-02-06,Chesterfield,Doncaster Rovers,5,2,H,2,1,H,2024-25,LEAGUE_TWO,Matchday 31
2025-02-08,Bradford City,Harrogate Town,1,0,H,1,0,H,2024-25,LEAGUE_TWO,Matchday 31
2025-02-08,Swindon Town,Port Vale,3,3,D,2,2,D,2024-25,LEAGUE_TWO,Matchday 31
2025-02-08,Accrington Stanley,AFC Wimbledon,0,0,D,0,0,D,2024-25,LEAGUE_TWO,Matchday 31
2025-02-08,Barrow,Gillingham,3,0,H,0,0,D,2024-25,LEAGUE_TWO,Matchday 31
2025-02-08,Colchester United,Walsall,2,1,H,0,0,D,2024-25,LEAGUE_TWO,Matchday 31
2025-02-08,Crewe Alexandra,Newport County,0,3,A,0,2,A,2024-25,LEAGUE_TWO,Matchday 31
2025-02-08,Fleetwood Town,Cheltenham Town,2,0,H,1,0,H,2024-25,LEAGUE_TWO,Matchday 31
2025-02-08,Grimsby Town,Carlisle United,2,1,H,0,1,A,2024-25,LEAGUE_TWO,Matchday 31
2025-02-08,Milton Keynes Dons,Bromley,0,1,A,0,0,D,2024-25,LEAGUE_TWO,Matchday 31
2025-02-08,Notts County,Morecambe,2,0,H,0,0,D,2024-25,LEAGUE_TWO,Matchday 31
2025-02-08,Salford City,Tranmere Rovers,2,0,H,0,0,D,2024-25,LEAGUE_TWO,Matchday 31
2025-02-13,Port Vale,Notts County,1,0,H,0,0,D,2024-25,LEAGUE_TWO,Matchday 32
2025-02-15,AFC Wimbledon,Salford City,1,0,H,0,0,D,2024-25,LEAGUE_TWO,Matchday 32
2025-02-15,Doncaster Rovers,Grimsby Town,1,2,A,0,1,A,2024-25,LEAGUE_TWO,Matchday 32
2025-02-15,Bromley,Fleetwood Town,1,0,H,0,0,D,2024-25,LEAGUE_TWO,Matchday 32
2025-02-15,Carlisle United,Colchester United,0,0,D,0,0,D,2024-25,LEAGUE_TWO,Matchday 32
2025-02-15,Cheltenham Town,Barrow,3,2,H,0,1,A,2024-25,LEAGUE_TWO,Matchday 32
2025-02-15,Gillingham,Crewe Alexandra,0,0,D,0,0,D,2024-25,LEAGUE_TWO,Matchday 32
2025-02-15,Morecambe,Accrington Stanley,2,0,H,0,0,D,2024-25,LEAGUE_TWO,Matchday 32
2025-02-15,Harrogate Town,Swindon Town,1,0,H,0,0,D,2024-25,LEAGUE_TWO,Matchday 32
2025-02-15,Newport County,Bradford City,0,0,D,0,0,D,2024-25,LEAGUE_TWO,Matchday 32
2025-02-15,Tranmere Rovers,Milton Keynes Dons,1,1,D,0,1,A,2024-25,LEAGUE_TWO,Matchday 32
2025-02-15,Walsall,Chesterfield,3,1,H,0,1,A,2024-25,LEAGUE_TWO,Matchday 32
2025-02-22,Crewe Alexandra,Barrow,3,0,H,1,0,H,2024-25,LEAGUE_TWO,Matchday 33
2025-02-22,Morecambe,Walsall,0,2,A,0,0,D,2024-25,LEAGUE_TWO,Matchday 33
2025-02-22,Accrington Stanley,Doncaster Rovers,1,2,A,0,1,A,2024-25,LEAGUE_TWO,Matchday 33
2025-02-22,Bradford City,Milton Keynes Dons,2,0,H,1,0,H,2024-25,LEAGUE_TWO,Matchday 33
2025-02-22,Bromley,Harrogate Town,2,0,H,2,0,H,2024-25,LEAGUE_TWO,Matchday 33
2025-02-22,Carlisle United,Gillingham,0,0,D,0,0,D,2024-25,LEAGUE_TWO,Matchday 33
2025-02-22,Colchester United,AFC Wimbledon,1,1,D,0,1,A,2024-25,LEAGUE_TWO,Matchday 33
2025-02-22,Grimsby Town,Fleetwood Town,2,1,H,1,0,H,2024-25,LEAGUE_TWO,Matchday 33
2025-02-22,Newport County,Cheltenham Town,0,3,A,0,1,A,2024-25,LEAGUE_TWO,Matchday 33
2025-02-22,Notts County,Tranmere Rovers,2,1,H,0,0,D,2024-25,LEAGUE_TWO,Matchday 33
2025-02-22,Port Vale,Salford City,2,1,H,1,0,H,2024-25,LEAGUE_TWO,Matchday 33
2025-02-22,Swindon Town,Chesterfield,1,0,H,0,0,D,2024-25,LEAGUE_TWO,Matchday 33
2025-02-27,Barrow,Carlisle United,0,1,A,0,1,A,2024-25,LEAGUE_TWO,Matchday 34
2025-03-01,Salford City,Bradford City,1,2,A,1,0,H,2024-25,LEAGUE_TWO,Matchday 34
2025-03-01,Tranmere Rovers,Port Vale,1,1,D,1,1,D,2024-25,LEAGUE_TWO,Matchday 34
2025-03-01,AFC Wimbledon,Bromley,0,1,A,0,0,D,2024-25,LEAGUE_TWO,Matchday 34
2025-03-01,Cheltenham Town,Grimsby Town,1,1,D,1,0,H,2024-25,LEAGUE_TWO,Matchday 34
2025-03-01,Doncaster Rovers,Newport County,3,0,H,1,0,H,2024-25,LEAGUE_TWO,Matchday 34
2025-03-01,Chesterfield,Crewe Alexandra,1,3,A,0,2,A,2024-25,LEAGUE_TWO,Matchday 34
2025-03-01,Gillingham,Morecambe,1,0,H,0,0,D,2024-25,LEAGUE_TWO,Matchday 34
2025-03-01,Fleetwood Town,Notts County,2,2,D,0,1,A,2024-25,LEAGUE_TWO,Matchday 34
2025-03-01,Harrogate Town,Accrington Stanley,2,1,H,1,0,H,2024-25,LEAGUE_TWO,Matchday 34
2025-03-01,Milton Keynes Dons,Colchester United,0,1,A,0,0,D,2024-25,LEAGUE_TWO,Matchday 34
2025-03-01,Walsall,Swindon Town,0,1,A,0,0,D,2024-25,LEAGUE_TWO,Matchday 34
2025-03-04,Accrington Stanley,Milton Keynes Dons,2,0,H,2,0,H,2024-25,LEAGUE_TWO,Matchday 35
2025-03-04,Bradford City,Cheltenham Town,3,0,H,1,0,H,2024-25,LEAGUE_TWO,Matchday 35
2025-03-04,Bromley,Doncaster Rovers,1,0,H,1,0,H,2024-25,LEAGUE_TWO,Matchday 35
2025-03-04,Carlisle United,Walsall,1,1,D,1,1,D,2024-25,LEAGUE_TWO,Matchday 35
2025-03-04,Colchester United,Chesterfield,1,0,H,0,0,D,2024-25,LEAGUE_TWO,Matchday 35
2025-03-04,Crewe Alexandra,Fleetwood Town,1,4,A,0,2,A,2024-25,LEAGUE_TWO,Matchday 35
2025-03-04,Morecambe,AFC Wimbledon,1,0,H,1,0,H,2024-25,LEAGUE_TWO,Matchday 35
2025-03-04,Grimsby Town,Tranmere Rovers,1,1,D,0,1,A,2024-25,LEAGUE_TWO,Matchday 35
2025-03-04,Newport County,Gillingham,3,1,H,3,0,H,2024-25,LEAGUE_TWO,Matchday 35
2025-03-04,Notts County,Barrow,1,2,A,0,1,A,2024-25,LEAGUE_TWO,Matchday 35
2025-03-04,Port Vale,Harrogate Town,0,0,D,0,0,D,2024-25,LEAGUE_TWO,Matchday 35
2025-03-04,Swindon Town,Salford City,2,2,D,1,1,D,2024-25,LEAGUE_TWO,Matchday 35
2025-03-08,AFC Wimbledon,Notts County,2,0,H,2,0,H,2024-25,LEAGUE_TWO,Matchday 36
2025-03-08,Walsall,Grimsby Town,1,3,A,1,2,A,2024-25,LEAGUE_TWO,Matchday 36
2025-03-08,Barrow,Accrington Stanley,2,0,H,1,0,H,2024-25,LEAGUE_TWO,Matchday 36
2025-03-08,Cheltenham Town,Colchester United,0,1,A,0,0,D,2024-25,LEAGUE_TWO,Matchday 36
2025-03-08,Doncaster Rovers,Swindon Town,2,2,D,2,0,H,2024-25,LEAGUE_TWO,Matchday 36
2025-03-08,Chesterfield,Newport County,2,1,H,2,1,H,2024-25,LEAGUE_TWO,Matchday 36
2025-03-08,Gillingham,Bradford City,1,0,H,0,0,D,2024-25,LEAGUE_TWO,Matchday 36
2025-03-08,Fleetwood Town,Port Vale,1,1,D,0,0,D,2024-25,LEAGUE_TWO,Matchday 36
2025-03-08,Harrogate Town,Carlisle United,1,0,H,0,0,D,2024-25,LEAGUE_TWO,Matchday 36
2025-03-08,Milton Keynes Dons,Morecambe,2,1,H,1,1,D,2024-25,LEAGUE_TWO,Matchday 36
2025-03-08,Salford City,Crewe Alexandra,1,1,D,0,0,D,2024-25,LEAGUE_TWO,Matchday 36
2025-03-08,Tranmere Rovers,Bromley,2,1,H,1,1,D,2024-25,LEAGUE_TWO,Matchday 36
2025-03-13,Bromley,Walsall,2,2,D,1,1,D,2024-25,LEAGUE_TWO,Matchday 37
2025-03-15,Crewe Alexandra,Doncaster Rovers,1,1,D,1,0,H,2024-25,LEAGUE_TWO,Matchday 37
2025-03-15,Swindon Town,Cheltenham Town,3,3,D,1,1,D,2024-25,LEAGUE_TWO,Matchday 37
2025-03-15,Accrington Stanley,Gillingham,1,1,D,1,0,H,2024-25,LEAGUE_TWO,Matchday 37
2025-03-15,Bradford City,Tranmere Rovers,0,1,A,0,0,D,2024-25,LEAGUE_TWO,Matchday 37
2025-03-15,Carlisle United,AFC Wimbledon,1,2,A,0,1,A,2024-25,LEAGUE_TWO,Matchday 37
2025-03-15,Colchester United,Fleetwood Town,3,0,H,0,0,D,2024-25,LEAGUE_TWO,Matchday 37
2025-03-15,Morecambe,Barrow,2,2,D,2,0,H,2024-25,LEAGUE_TWO,Matchday 37
2025-03-15,Grimsby Town,Salford City,0,1,A,0,0,D,2024-25,LEAGUE_TWO,Matchday 37
2025-03-15,Newport County,Harrogate Town,3,0,H,2,0,H,2024-25,LEAGUE_TWO,Matchday 37
2025-03-15,Notts County,Chesterfield,1,2,A,0,0,D,2024-25,LEAGUE_TWO,Matchday 37
2025-03-15,Port Vale,Milton Keynes Dons,3,0,H,1,0,H,2024-25,LEAGUE_TWO,Matchday 37
2025-03-22,Notts County,Crewe Alexandra,0,0,D,0,0,D,2024-25,LEAGUE_TWO,Matchday 38
2025-03-22,AFC Wimbledon,Barrow,2,2,D,0,0,D,2024-25,LEAGUE_TWO,Matchday 38
2025-03-22,Bradford City,Colchester United,4,1,H,2,1,H,2024-25,LEAGUE_TWO,Matchday 38
2025-03-22,Carlisle United,Bromley,2,1,H,1,1,D,2024-25,LEAGUE_TWO,Matchday 38
2025-03-22,Cheltenham Town,Milton Keynes Dons,0,1,A,0,1,A,2024-25,LEAGUE_TWO,Matchday 38
2025-03-22,Chesterfield,Harrogate Town,0,0,D,0,0,D,2024-25,LEAGUE_TWO,Matchday 38
2025-03-22,Gillingham,Walsall,0,0,D,0,0,D,2024-25,LEAGUE_TWO,Matchday 38
2025-03-22,Fleetwood Town,Tranmere Rovers,0,0,D,0,0,D,2024-25,LEAGUE_TWO,Matchday 38
2025-03-22,Grimsby Town,Newport County,1,0,H,0,0,D,2024-25,LEAGUE_TWO,Matchday 38
2025-03-22,Port Vale,Morecambe,1,0,H,0,0,D,2024-25,LEAGUE_TWO,Matchday 38
2025-03-22,Swindon Town,Accrington Stanley,0,0,D,0,0,D,2024-25,LEAGUE_TWO,Matchday 38
2025-04-15,Salford City,Doncaster Rovers,1,1,D,1,1,D,2024-25,LEAGUE_TWO,Matchday 38
2025-03-28,Colchester United,Grimsby Town,1,2,A,0,0,D,2024-25,LEAGUE_TWO,Matchday 39
2025-03-28,Tranmere Rovers,Cheltenham Town,2,0,H,1,0,H,2024-25,LEAGUE_TWO,Matchday 39
2025-03-29,Accrington Stanley,Bradford City,0,0,D,0,0,D,2024-25,LEAGUE_TWO,Matchday 39
2025-03-29,Crewe Alexandra,Port Vale,0,1,A,0,0,D,2024-25,LEAGUE_TWO,Matchday 39
2025-03-29,Barrow,Chesterfield,0,1,A,0,0,D,2024-25,LEAGUE_TWO,Matchday 39
2025-03-29,Bromley,Salford City,2,3,A,1,2,A,2024-25,LEAGUE_TWO,Matchday 39
2025-03-29,Doncaster Rovers,Carlisle United,3,0,H,1,0,H,2024-25,LEAGUE_TWO,Matchday 39
2025-03-29,Morecambe,Swindon Town,1,0,H,1,0,H,2024-25,LEAGUE_TWO,Matchday 39
2025-03-29,Harrogate Town,Gillingham,1,1,D,1,0,H,2024-25,LEAGUE_TWO,Matchday 39
2025-03-29,Milton Keynes Dons,Fleetwood Town,2,4,A,1,1,D,2024-25,LEAGUE_TWO,Matchday 39
2025-03-29,Newport County,Notts County,0,2,A,0,1,A,2024-25,LEAGUE_TWO,Matchday 39
2025-03-29,Walsall,AFC Wimbledon,1,1,D,0,0,D,2024-25,LEAGUE_TWO,Matchday 39
2025-04-01,Accrington Stanley,Fleetwood Town,1,4,A,0,1,A,2024-25,LEAGUE_TWO,Matchday 40
2025-04-01,Barrow,Salford City,1,1,D,1,0,H,2024-25,LEAGUE_TWO,Matchday 40
2025-04-01,Crewe Alexandra,Grimsby Town,2,0,H,1,0,H,2024-25,LEAGUE_TWO,Matchday 40
2025-04-01,Doncaster Rovers,Walsall,2,2,D,1,1,D,2024-25,LEAGUE_TWO,Matchday 40
2025-04-01,Chesterfield,Carlisle United,2,1,H,0,0,D,2024-25,LEAGUE_TWO,Matchday 40
2025-04-01,Gillingham,Colchester United,1,1,D,0,1,A,2024-25,LEAGUE_TWO,Matchday 40
2025-04-01,Morecambe,Cheltenham Town,2,0,H,0,0,D,2024-25,LEAGUE_TWO,Matchday 40
2025-04-01,Harrogate Town,Tranmere Rovers,3,2,H,1,0,H,2024-25,LEAGUE_TWO,Matchday 40
2025-04-01,Newport County,Bromley,1,1,D,1,0,H,2024-25,LEAGUE_TWO,Matchday 40
2025-04-01,Port Vale,Bradford City,2,0,H,2,0,H,2024-25,LEAGUE_TWO,Matchday 40
2025-04-01,Swindon Town,AFC Wimbledon,2,1,H,0,0,D,2024-25,LEAGUE_TWO,Matchday 40
2025-04-02,Notts County,Milton Keynes Dons,3,0,H,0,0,D,2024-25,LEAGUE_TWO,Matchday 40
2025-04-05,Cheltenham Town,Doncaster Rovers,0,2,A,0,0,D,2024-25,LEAGUE_TWO,Matchday 41
2025-04-05,Walsall,Port Vale,2,3,A,2,3,A,2024-25,LEAGUE_TWO,Matchday 41
2025-04-05,Tranmere Rovers,Chesterfield,4,0,H,0,0,D,2024-25,LEAGUE_TWO,Matchday 41
2025-04-05,AFC Wimbledon,Harrogate Town,1,0,H,0,0,D,2024-25,LEAGUE_TWO,Matchday 41
2025-04-05,Bradford City,Crewe Alexandra,2,0,H,1,0,H,2024-25,LEAGUE_TWO,Matchday 41
2025-04-05,Bromley,Accrington Stanley,4,0,H,1,0,H,2024-25,LEAGUE_TWO,Matchday 41
2025-04-05,Carlisle United,Newport County,3,2,H,1,2,A,2024-25,LEAGUE_TWO,Matchday 41
2025-04-05,Colchester United,Notts County,1,0,H,1,0,H,2024-25,LEAGUE_TWO,Matchday 41
2025-04-05,Fleetwood Town,Swindon Town,0,4,A,0,1,A,2024-25,LEAGUE_TWO,Matchday 41
2025-04-05,Grimsby Town,Morecambe,3,1,H,1,1,D,2024-25,LEAGUE_TWO,Matchday 41
2025-04-05,Milton Keynes Dons,Barrow,0,3,A,0,1,A,2024-25,LEAGUE_TWO,Matchday 41
2025-04-05,Salford City,Gillingham,2,2,D,2,2,D,2024-25,LEAGUE_TWO,Matchday 41
2025-04-10,Crewe Alexandra,Cheltenham Town,2,3,A,1,1,D,2024-25,LEAGUE_TWO,Matchday 42
2025-04-11,Notts County,Salford City,1,3,A,0,1,A,2024-25,LEAGUE_TWO,Matchday 42
2025-04-12,Doncaster Rovers,AFC Wimbledon,1,1,D,0,1,A,2024-25,LEAGUE_TWO,Matchday 42
2025-04-12,Swindon Town,Bradford City,5,4,H,2,3,A,2024-25,LEAGUE_TWO,Matchday 42
2025-04-12,Accrington Stanley,Tranmere Rovers,3,3,D,3,0,H,2024-25,LEAGUE_TWO,Matchday 42
2025-04-12,Barrow,Walsall,2,0,H,1,0,H,2024-25,LEAGUE_TWO,Matchday 42
2025-04-12,Chesterfield,Fleetwood Town,3,0,H,0,0,D,2024-25,LEAGUE_TWO,Matchday 42
2025-04-12,Gillingham,Milton Keynes Dons,1,0,H,0,0,D,2024-25,LEAGUE_TWO,Matchday 42
2025-04-12,Morecambe,Carlisle United,0,2,A,0,1,A,2024-25,LEAGUE_TWO,Matchday 42
2025-04-12,Harrogate Town,Grimsby Town,2,2,D,0,2,A,2024-25,LEAGUE_TWO,Matchday 42
2025-04-12,Newport County,Colchester United,0,2,A,0,0,D,2024-25,LEAGUE_TWO,Matchday 42
2025-04-12,Port Vale,Bromley,5,0,H,2,0,H,2024-25,LEAGUE_TWO,Matchday 42
2025-04-17,Bradford City,Notts County,1,1,D,0,0,D,2024-25,LEAGUE_TWO,Matchday 43
2025-04-18,AFC Wimbledon,Chesterfield,0,0,D,0,0,D,2024-25,LEAGUE_TWO,Matchday 43
2025-04-18,Bromley,Morecambe,1,0,H,0,0,D,2024-25,LEAGUE_TWO,Matchday 43
2025-04-18,Carlisle United,Port Vale,3,2,H,2,0,H,2024-25,LEAGUE_TWO,Matchday 43
2025-04-18,Cheltenham Town,Gillingham,1,1,D,1,1,D,2024-25,LEAGUE_TWO,Matchday 43
2025-04-18,Colchester United,Crewe Alexandra,0,0,D,0,0,D,2024-25,LEAGUE_TWO,Matchday 43
2025-04-18,Fleetwood Town,Barrow,0,0,D,0,0,D,2024-25,LEAGUE_TWO,Matchday 43
2025-04-18,Grimsby Town,Swindon Town,0,4,A,0,2,A,2024-25,LEAGUE_TWO,Matchday 43
2025-04-18,Milton Keynes Dons,Newport County,0,0,D,0,0,D,2024-25,LEAGUE_TWO,Matchday 43
2025-04-18,Salford City,Accrington Stanley,1,2,A,0,1,A,2024-25,LEAGUE_TWO,Matchday 43
2025-04-18,Tranmere Rovers,Doncaster Rovers,0,3,A,0,1,A,2024-25,LEAGUE_TWO,Matchday 43
2025-04-18,Walsall,Harrogate Town,2,2,D,1,1,D,2024-25,LEAGUE_TWO,Matchday 43
2025-04-21,Newport County,Walsall,0,0,D,0,0,D,2024-25,LEAGUE_TWO,Matchday 44
2025-04-21,Accrington Stanley,Carlisle United,1,1,D,0,0,D,2024-25,LEAGUE_TWO,Matchday 44
2025-04-21,Barrow,Tranmere Rovers,0,0,D,0,0,D,2024-25,LEAGUE_TWO,Matchday 44
2025-04-21,Crewe Alexandra,Milton Keynes Dons,0,1,A,0,1,A,2024-25,LEAGUE_TWO,Matchday 44
2025-04-21,Doncaster Rovers,Colchester United,3,0,H,2,0,H,2024-25,LEAGUE_TWO,Matchday 44
2025-04-21,Chesterfield,Bradford City,3,3,D,1,2,A,2024-25,LEAGUE_TWO,Matchday 44
2025-04-21,Gillingham,AFC Wimbledon,1,0,H,0,0,D,2024-25,LEAGUE_TWO,Matchday 44
2025-04-21,Morecambe,Salford City,1,3,A,0,2,A,2024-25,LEAGUE_TWO,Matchday 44
2025-04-21,Harrogate Town,Fleetwood Town,3,1,H,0,0,D,2024-25,LEAGUE_TWO,Matchday 44
2025-04-21,Notts County,Cheltenham Town,1,2,A,1,0,H,2024-25,LEAGUE_TWO,Matchday 44
2025-04-21,Port Vale,Grimsby Town,2,2,D,0,1,A,2024-25,LEAGUE_TWO,Matchday 44
2025-04-21,Swindon Town,Bromley,0,1,A,0,0,D,2024-25,LEAGUE_TWO,Matchday 44
2025-04-26,AFC Wimbledon,Port Vale,0,2,A,0,0,D,2024-25,LEAGUE_TWO,Matchday 45
2025-04-26,Doncaster Rovers,Bradford City,2,1,H,1,0,H,2024-25,LEAGUE_TWO,Matchday 45
2025-04-26,Harrogate Town,Notts County,1,3,A,1,1,D,2024-25,LEAGUE_TWO,Matchday 45
2025-04-26,Barrow,Bromley,3,3,D,1,0,H,2024-25,LEAGUE_TWO,Matchday 45
2025-04-26,Cheltenham Town,Carlisle United,3,2,H,2,1,H,2024-25,LEAGUE_TWO,Matchday 45
2025-04-26,Chesterfield,Morecambe,4,1,H,1,0,H,2024-25,LEAGUE_TWO,Matchday 45
2025-04-26,Gillingham,Swindon Town,1,1,D,0,0,D,2024-25,LEAGUE_TWO,Matchday 45
2025-04-26,Fleetwood Town,Newport County,2,0,H,0,0,D,2024-25,LEAGUE_TWO,Matchday 45
2025-04-26,Milton Keynes Dons,Grimsby Town,0,0,D,0,0,D,2024-25,LEAGUE_TWO,Matchday 45
2025-04-26,Salford City,Colchester United,4,1,H,3,0,H,2024-25,LEAGUE_TWO,Matchday 45
2025-04-26,Tranmere Rovers,Crewe Alexandra,2,0,H,1,0,H,2024-25,LEAGUE_TWO,Matchday 45
2025-04-26,Walsall,Accrington Stanley,0,1,A,0,1,A,2024-25,LEAGUE_TWO,Matchday 45
2025-05-03,Accrington Stanley,Chesterfield,0,1,A,0,1,A,2024-25,LEAGUE_TWO,Matchday 46
2025-05-03,Bradford City,Fleetwood Town,1,0,H,0,0,D,2024-25,LEAGUE_TWO,Matchday 46
2025-05-03,Bromley,Cheltenham Town,3,0,H,2,0,H,2024-25,LEAGUE_TWO,Matchday 46
2025-05-03,Carlisle United,Salford City,2,2,D,2,1,H,2024-25,LEAGUE_TWO,Matchday 46
2025-05-03,Colchester United,Barrow,0,0,D,0,0,D,2024-25,LEAGUE_TWO,Matchday 46
2025-05-03,Crewe Alexandra,Walsall,0,1,A,0,0,D,2024-25,LEAGUE_TWO,Matchday 46
2025-05-03,Morecambe,Harrogate Town,1,2,A,1,2,A,2024-25,LEAGUE_TWO,Matchday 46
2025-05-03,Grimsby Town,AFC Wimbledon,0,1,A,0,0,D,2024-25,LEAGUE_TWO,Matchday 46
2025-05-03,Newport County,Tranmere Rovers,1,4,A,1,1,D,2024-25,LEAGUE_TWO,Matchday 46
2025-05-03,Notts County,Doncaster Rovers,1,2,A,0,2,A,2024-25,LEAGUE_TWO,Matchday 46
2025-05-03,Port Vale,Gillingham,0,1,A,0,0,D,2024-25,LEAGUE_TWO,Matchday 46
2025-05-03,Swindon Town,Milton Keynes Dons,0,0,D,0,0,D,2024-25,LEAGUE_TWO,Matchday 46
