Date,HomeTeam,AwayTeam,FTHG,FTAG,FTR,HTHG,HTAG,HTR,Season,League,Round
2025-08-23,Genoa CFC,US Lecce,0,0,D,0,0,D,2025-26,SERIE_A,Matchday 1
2025-08-23,US Sassuolo Calcio,SSC Napoli,0,2,A,0,1,A,2025-26,SERIE_A,Matchday 1
2025-08-23,AC Milan,US Cremonese,1,2,A,1,1,D,2025-26,SERIE_A,Matchday 1
2025-08-23,AS Roma,Bologna FC 1909,1,0,H,0,0,D,2025-26,SERIE_A,Matchday 1
2025-08-24,Cagliari Calcio,ACF Fiorentina,1,1,D,0,0,D,2025-26,SERIE_A,Matchday 1
2025-08-24,Como 1907,SS Lazio,2,0,H,0,0,D,2025-26,SERIE_A,Matchday 1
2025-08-24,Atalanta BC,AC Pisa 1909,1,1,D,0,1,A,2025-26,SERIE_A,Matchday 1
2025-08-24,Juventus,Parma Calcio 1913,2,0,H,0,0,D,2025-26,SERIE_A,Matchday 1
2025-08-25,Udinese Calcio,Hellas Verona,1,1,D,0,0,D,2025-26,SERIE_A,Matchday 1
2025-08-25,FC Internazionale Milano,Torino,5,0,H,2,0,H,2025-26,SERIE_A,Matchday 1
2025-08-29,US Cremonese,US Sassuolo Calcio,3,2,H,2,0,H,2025-26,SERIE_A,Matchday 2
2025-08-29,US Lecce,AC Milan,0,2,A,0,0,D,2025-26,SERIE_A,Matchday 2
2025-08-30,Bologna FC 1909,Como 1907,1,0,H,0,0,D,2025-26,SERIE_A,Matchday 2
2025-08-30,Parma Calcio 1913,Atalanta BC,1,1,D,0,0,D,2025-26,SERIE_A,Matchday 2
2025-08-30,SSC Napoli,Cagliari Calcio,1,0,H,0,0,D,2025-26,SERIE_A,Matchday 2
2025-08-30,AC Pisa 1909,AS Roma,0,1,A,0,0,D,2025-26,SERIE_A,Matchday 2
2025-08-31,Genoa CFC,Juventus,0,1,A,0,0,D,2025-26,SERIE_A,Matchday 2
2025-08-31,Torino,ACF Fiorentina,0,0,D,0,0,D,2025-26,SERIE_A,Matchday 2
2025-08-31,FC Internazionale Milano,Udinese Calcio,1,2,A,1,2,A,2025-26,SERIE_A,Matchday 2
2025-08-31,SS Lazio,Hellas Verona,4,0,H,3,0,H,2025-26,SERIE_A,Matchday 2
2025-09-13,Cagliari Calcio,Parma Calcio 1913,2,0,H,1,0,H,2025-26,SERIE_A,Matchday 3
2025-09-13,Juventus,FC Internazionale Milano,4,3,H,2,1,H,2025-26,SERIE_A,Matchday 3
2025-09-13,ACF Fiorentina,SSC Napoli,1,3,A,0,2,A,2025-26,SERIE_A,Matchday 3
2025-09-14,AS Roma,Torino,0,1,A,0,0,D,2025-26,SERIE_A,Matchday 3
2025-09-14,Atalanta BC,US Lecce,4,1,H,1,0,H,2025-26,SERIE_A,Matchday 3
2025-09-14,AC Pisa 1909,Udinese Calcio,0,1,A,0,1,A,2025-26,SERIE_A,Matchday 3
2025-09-14,US Sassuolo Calcio,SS Lazio,1,0,H,0,0,D,2025-26,SERIE_A,Matchday 3
2025-09-14,AC Milan,Bologna FC 1909,1,0,H,0,0,D,2025-26,SERIE_A,Matchday 3
2025-09-15,Hellas Verona,US Cremonese,0,0,D,0,0,D,2025-26,SERIE_A,Matchday 3
2025-09-15,Como 1907,Genoa CFC,1,1,D,1,0,H,2025-26,SERIE_A,Matchday 3
2025-09-19,US Lecce,Cagliari Calcio,1,2,A,1,1,D,2025-26,SERIE_A,Matchday 4
2025-09-20,Bologna FC 1909,Genoa CFC,2,1,H,0,0,D,2025-26,SERIE_A,Matchday 4
2025-09-20,Hellas Verona,Juventus,1,1,D,1,1,D,2025-26,SERIE_A,Matchday 4
2025-09-20,Udinese Calcio,AC Milan,0,3,A,0,1,A,2025-26,SERIE_A,Matchday 4
2025-09-21,SS Lazio,AS Roma,0,1,A,0,1,A,2025-26,SERIE_A,Matchday 4
2025-09-21,Torino,Atalanta BC,0,3,A,0,3,A,2025-26,SERIE_A,Matchday 4
2025-09-21,US Cremonese,Parma Calcio 1913,0,0,D,0,0,D,2025-26,SERIE_A,Matchday 4
2025-09-21,ACF Fiorentina,Como 1907,1,2,A,1,0,H,2025-26,SERIE_A,Matchday 4
2025-09-21,FC Internazionale Milano,US Sassuolo Calcio,2,1,H,1,0,H,2025-26,SERIE_A,Matchday 4
2025-09-22,SSC Napoli,AC Pisa 1909,3,2,H,1,0,H,2025-26,SERIE_A,Matchday 4
2025-09-27,Como 1907,US Cremonese,1,1,D,1,0,H,2025-26,SERIE_A,Matchday 5
2025-09-27,Juventus,Atalanta BC,1,1,D,0,1,A,2025-26,SERIE_A,Matchday 5
2025-09-27,Cagliari Calcio,FC Internazionale Milano,0,2,A,0,1,A,2025-26,SERIE_A,Matchday 5
2025-09-28,US Sassuolo Calcio,Udinese Calcio,3,1,H,2,0,H,2025-26,SERIE_A,Matchday 5
2025-09-28,AS Roma,Hellas Verona,2,0,H,1,0,H,2025-26,SERIE_A,Matchday 5
2025-09-28,AC Pisa 1909,ACF Fiorentina,0,0,D,0,0,D,2025-26,SERIE_A,Matchday 5
2025-09-28,US Lecce,Bologna FC 1909,2,2,D,1,1,D,2025-26,SERIE_A,Matchday 5
2025-09-28,AC Milan,SSC Napoli,2,1,H,2,0,H,2025-26,SERIE_A,Matchday 5
2025-09-29,Parma Calcio 1913,Torino,2,1,H,1,0,H,2025-26,SERIE_A,Matchday 5
2025-09-29,Genoa CFC,SS Lazio,0,3,A,0,2,A,2025-26,SERIE_A,Matchday 5
2025-10-03,Hellas Verona,US Sassuolo Calcio,0,1,A,0,0,D,2025-26,SERIE_A,Matchday 6
2025-10-04,SS Lazio,Torino,3,3,D,2,1,H,2025-26,SERIE_A,Matchday 6
2025-10-04,Parma Calcio 1913,US Lecce,0,1,A,0,1,A,2025-26,SERIE_A,Matchday 6
2025-10-04,FC Internazionale Milano,US Cremonese,4,1,H,2,0,H,2025-26,SERIE_A,Matchday 6
2025-10-04,Atalanta BC,Como 1907,1,1,D,1,1,D,2025-26,SERIE_A,Matchday 6
2025-10-05,Udinese Calcio,Cagliari Calcio,1,1,D,0,1,A,2025-26,SERIE_A,Matchday 6
2025-10-05,ACF Fiorentina,AS Roma,1,2,A,1,2,A,2025-26,SERIE_A,Matchday 6
2025-10-05,Bologna FC 1909,AC Pisa 1909,4,0,H,3,0,H,2025-26,SERIE_A,Matchday 6
2025-10-05,SSC Napoli,Genoa CFC,2,1,H,0,1,A,2025-26,SERIE_A,Matchday 6
2025-10-05,Juventus,AC Milan,0,0,D,0,0,D,2025-26,SERIE_A,Matchday 6
2025-10-18,AC Pisa 1909,Hellas Verona,0,0,D,0,0,D,2025-26,SERIE_A,Matchday 7
2025-10-18,US Lecce,US Sassuolo Calcio,0,0,D,0,0,D,2025-26,SERIE_A,Matchday 7
2025-10-18,Torino,SSC Napoli,1,0,H,1,0,H,2025-26,SERIE_A,Matchday 7
2025-10-18,AS Roma,FC Internazionale Milano,0,1,A,0,1,A,2025-26,SERIE_A,Matchday 7
2025-10-19,Como 1907,Juventus,2,0,H,1,0,H,2025-26,SERIE_A,Matchday 7
2025-10-19,Cagliari Calcio,Bologna FC 1909,0,2,A,0,1,A,2025-26,SERIE_A,Matchday 7
2025-10-19,Genoa CFC,Parma Calcio 1913,0,0,D,0,0,D,2025-26,SERIE_A,Matchday 7
2025-10-19,Atalanta BC,SS Lazio,0,0,D,0,0,D,2025-26,SERIE_A,Matchday 7
2025-10-19,AC Milan,ACF Fiorentina,2,1,H,0,0,D,2025-26,SERIE_A,Matchday 7
2025-10-20,US Cremonese,Udinese Calcio,1,1,D,1,0,H,2025-26,SERIE_A,Matchday 7
2025-10-24,AC Milan,AC Pisa 1909,2,2,D,1,0,H,2025-26,SERIE_A,Matchday 8
2025-10-25,Parma Calcio 1913,Como 1907,0,0,D,0,0,D,2025-26,SERIE_A,Matchday 8
2025-10-25,Udinese Calcio,US Lecce,3,2,H,2,0,H,2025-26,SERIE_A,Matchday 8
2025-10-25,SSC Napoli,FC Internazionale Milano,3,1,H,1,0,H,2025-26,SERIE_A,Matchday 8
2025-10-25,US Cremonese,Atalanta BC,1,1,D,0,0,D,2025-26,SERIE_A,Matchday 8
2025-10-26,Torino,Genoa CFC,2,1,H,0,1,A,2025-26,SERIE_A,Matchday 8
2025-10-26,Hellas Verona,Cagliari Calcio,2,2,D,1,0,H,2025-26,SERIE_A,Matchday 8
2025-10-26,US Sassuolo Calcio,AS Roma,0,1,A,0,1,A,2025-26,SERIE_A,Matchday 8
2025-10-26,ACF Fiorentina,Bologna FC 1909,2,2,D,0,1,A,2025-26,SERIE_A,Matchday 8
2025-10-26,SS Lazio,Juventus,1,0,H,1,0,H,2025-26,SERIE_A,Matchday 8
2025-10-28,US Lecce,SSC Napoli,0,1,A,0,0,D,2025-26,SERIE_A,Matchday 9
2025-10-28,Atalanta BC,AC Milan,1,1,D,1,1,D,2025-26,SERIE_A,Matchday 9
2025-10-29,AS Roma,Parma Calcio 1913,2,1,H,0,0,D,2025-26,SERIE_A,Matchday 9
2025-10-29,Como 1907,Hellas Verona,3,1,H,1,1,D,2025-26,SERIE_A,Matchday 9
2025-10-29,Juventus,Udinese Calcio,3,1,H,1,1,D,2025-26,SERIE_A,Matchday 9
2025-10-29,Genoa CFC,US Cremonese,0,2,A,0,1,A,2025-26,SERIE_A,Matchday 9
2025-10-29,Bologna FC 1909,Torino,0,0,D,0,0,D,2025-26,SERIE_A,Matchday 9
2025-10-29,FC Internazionale Milano,ACF Fiorentina,3,0,H,0,0,D,2025-26,SERIE_A,Matchday 9
2025-10-30,Cagliari Calcio,US Sassuolo Calcio,1,2,A,0,0,D,2025-26,SERIE_A,Matchday 9
2025-10-30,AC Pisa 1909,SS Lazio,0,0,D,0,0,D,2025-26,SERIE_A,Matchday 9
2025-11-01,Udinese Calcio,Atalanta BC,1,0,H,1,0,H,2025-26,SERIE_A,Matchday 10
2025-11-01,SSC Napoli,Como 1907,0,0,D,0,0,D,2025-26,SERIE_A,Matchday 10
2025-11-01,US Cremonese,Juventus,1,2,A,0,1,A,2025-26,SERIE_A,Matchday 10
2025-11-02,Hellas Verona,FC Internazionale Milano,1,2,A,1,1,D,2025-26,SERIE_A,Matchday 10
2025-11-02,ACF Fiorentina,US Lecce,0,1,A,0,1,A,2025-26,SERIE_A,Matchday 10
2025-11-02,Torino,AC Pisa 1909,2,2,D,2,2,D,2025-26,SERIE_A,Matchday 10
2025-11-02,Parma Calcio 1913,Bologna FC 1909,1,3,A,1,1,D,2025-26,SERIE_A,Matchday 10
2025-11-02,AC Milan,AS Roma,1,0,H,1,0,H,2025-26,SERIE_A,Matchday 10
2025-11-03,US Sassuolo Calcio,Genoa CFC,1,2,A,0,1,A,2025-26,SERIE_A,Matchday 10
2025-11-03,SS Lazio,Cagliari Calcio,2,0,H,0,0,D,2025-26,SERIE_A,Matchday 10
2025-11-07,AC Pisa 1909,US Cremonese,1,0,H,0,0,D,2025-26,SERIE_A,Matchday 11
2025-11-08,Como 1907,Cagliari Calcio,0,0,D,0,0,D,2025-26,SERIE_A,Matchday 11
2025-11-08,US Lecce,Hellas Verona,0,0,D,0,0,D,2025-26,SERIE_A,Matchday 11
2025-11-08,Juventus,Torino,0,0,D,0,0,D,2025-26,SERIE_A,Matchday 11
2025-11-08,Parma Calcio 1913,AC Milan,2,2,D,1,2,A,2025-26,SERIE_A,Matchday 11
2025-11-09,Atalanta BC,US Sassuolo Calcio,0,3,A,0,1,A,2025-26,SERIE_A,Matchday 11
2025-11-09,Genoa CFC,ACF Fiorentina,2,2,D,1,1,D,2025-26,SERIE_A,Matchday 11
2025-11-09,Bologna FC 1909,SSC Napoli,2,0,H,0,0,D,2025-26,SERIE_A,Matchday 11
2025-11-09,AS Roma,Udinese Calcio,2,0,H,1,0,H,2025-26,SERIE_A,Matchday 11
2025-11-09,FC Internazionale Milano,SS Lazio,2,0,H,1,0,H,2025-26,SERIE_A,Matchday 11
2024-08-17,Genoa CFC,FC Internazionale Milano,2,2,D,1,1,D,2024-25,SERIE_A,Matchday 1
2024-08-17,Parma Calcio 1913,ACF Fiorentina,1,1,D,1,0,H,2024-25,SERIE_A,Matchday 1
2024-08-17,Empoli,AC Monza,0,0,D,0,0,D,2024-25,SERIE_A,Matchday 1
2024-08-17,AC Milan,Torino,2,2,D,0,1,A,2024-25,SERIE_A,Matchday 1
2024-08-18,Bologna FC 1909,Udinese Calcio,1,1,D,0,0,D,2024-25,SERIE_A,Matchday 1
2024-08-18,Hellas Verona,SSC Napoli,3,0,H,0,0,D,2024-25,SERIE_A,Matchday 1
2024-08-18,Cagliari Calcio,AS Roma,0,0,D,0,0,D,2024-25,SERIE_A,Matchday 1
2024-08-18,SS Lazio,Venezia,3,1,H,2,1,H,2024-25,SERIE_A,Matchday 1
2024-08-19,US Lecce,Atalanta BC,0,4,A,0,2,A,2024-25,SERIE_A,Matchday 1
2024-08-19,Juventus,Como 1907,3,0,H,2,0,H,2024-25,SERIE_A,Matchday 1
2024-08-24,Parma Calcio 1913,AC Milan,2,1,H,1,0,H,2024-25,SERIE_A,Matchday 2
2024-08-24,Udinese Calcio,SS Lazio,2,1,H,1,0,H,2024-25,SERIE_A,Matchday 2
2024-08-24,FC Internazionale Milano,US Lecce,2,0,H,1,0,H,2024-25,SERIE_A,Matchday 2
2024-08-24,AC Monza,Genoa CFC,0,1,A,0,1,A,2024-25,SERIE_A,Matchday 2
2024-08-25,ACF Fiorentina,Venezia,0,0,D,0,0,D,2024-25,SERIE_A,Matchday 2
2024-08-25,Torino,Atalanta BC,2,1,H,1,1,D,2024-25,SERIE_A,Matchday 2
2024-08-25,SSC Napoli,Bologna FC 1909,3,0,H,1,0,H,2024-25,SERIE_A,Matchday 2
2024-08-25,AS Roma,Empoli,1,2,A,0,1,A,2024-25,SERIE_A,Matchday 2
2024-08-26,Cagliari Calcio,Como 1907,1,1,D,1,0,H,2024-25,SERIE_A,Matchday 2
2024-08-26,Hellas Verona,Juventus,0,3,A,0,2,A,2024-25,SERIE_A,Matchday 2
2024-08-30,Venezia,Torino,0,1,A,0,0,D,2024-25,SERIE_A,Matchday 3
2024-08-30,FC Internazionale Milano,Atalanta BC,4,0,H,2,0,H,2024-25,SERIE_A,Matchday 3
2024-08-31,Bologna FC 1909,Empoli,1,1,D,1,1,D,2024-25,SERIE_A,Matchday 3
2024-08-31,US Lecce,Cagliari Calcio,1,0,H,1,0,H,2024-25,SERIE_A,Matchday 3
2024-08-31,SS Lazio,AC Milan,2,2,D,0,1,A,2024-25,SERIE_A,Matchday 3
2024-08-31,SSC Napoli,Parma Calcio 1913,2,1,H,0,1,A,2024-25,SERIE_A,Matchday 3
2024-09-01,ACF Fiorentina,AC Monza,2,2,D,1,2,A,2024-25,SERIE_A,Matchday 3
2024-09-01,Genoa CFC,Hellas Verona,0,2,A,0,0,D,2024-25,SERIE_A,Matchday 3
2024-09-01,Juventus,AS Roma,0,0,D,0,0,D,2024-25,SERIE_A,Matchday 3
2024-09-01,Udinese Calcio,Como 1907,1,0,H,1,0,H,2024-25,SERIE_A,Matchday 3
2024-09-14,Como 1907,Bologna FC 1909,2,2,D,1,0,H,2024-25,SERIE_A,Matchday 4
2024-09-14,Empoli,Juventus,0,0,D,0,0,D,2024-25,SERIE_A,Matchday 4
2024-09-14,AC Milan,Venezia,4,0,H,4,0,H,2024-25,SERIE_A,Matchday 4
2024-09-15,Genoa CFC,AS Roma,1,1,D,0,1,A,2024-25,SERIE_A,Matchday 4
2024-09-15,Atalanta BC,ACF Fiorentina,3,2,H,3,2,H,2024-25,SERIE_A,Matchday 4
2024-09-15,Torino,US Lecce,0,0,D,0,0,D,2024-25,SERIE_A,Matchday 4
2024-09-15,Cagliari Calcio,SSC Napoli,0,4,A,0,1,A,2024-25,SERIE_A,Matchday 4
2024-09-15,AC Monza,FC Internazionale Milano,1,1,D,0,0,D,2024-25,SERIE_A,Matchday 4
2024-09-16,Parma Calcio 1913,Udinese Calcio,2,3,A,2,0,H,2024-25,SERIE_A,Matchday 4
2024-09-16,SS Lazio,Hellas Verona,2,1,H,2,1,H,2024-25,SERIE_A,Matchday 4
2024-09-20,Cagliari Calcio,Empoli,0,2,A,0,1,A,2024-25,SERIE_A,Matchday 5
2024-09-20,Hellas Verona,Torino,2,3,A,1,2,A,2024-25,SERIE_A,Matchday 5
2024-09-21,Venezia,Genoa CFC,2,0,H,0,0,D,2024-25,SERIE_A,Matchday 5
2024-09-21,Juventus,SSC Napoli,0,0,D,0,0,D,2024-25,SERIE_A,Matchday 5
2024-09-21,US Lecce,Parma Calcio 1913,2,2,D,1,0,H,2024-25,SERIE_A,Matchday 5
2024-09-22,ACF Fiorentina,SS Lazio,2,1,H,0,1,A,2024-25,SERIE_A,Matchday 5
2024-09-22,AC Monza,Bologna FC 1909,1,2,A,1,1,D,2024-25,SERIE_A,Matchday 5
2024-09-22,AS Roma,Udinese Calcio,3,0,H,1,0,H,2024-25,SERIE_A,Matchday 5
2024-09-22,FC Internazionale Milano,AC Milan,1,2,A,1,1,D,2024-25,SERIE_A,Matchday 5
2024-09-24,Atalanta BC,Como 1907,2,3,A,1,0,H,2024-25,SERIE_A,Matchday 5
2024-09-27,AC Milan,US Lecce,3,0,H,3,0,H,2024-25,SERIE_A,Matchday 6
2024-09-28,Udinese Calcio,FC Internazionale Milano,2,3,A,1,2,A,2024-25,SERIE_A,Matchday 6
2024-09-28,Genoa CFC,Juventus,0,3,A,0,0,D,2024-25,SERIE_A,Matchday 6
2024-09-28,Bologna FC 1909,Atalanta BC,1,1,D,0,0,D,2024-25,SERIE_A,Matchday 6
2024-09-29,Torino,SS Lazio,2,3,A,0,1,A,2024-25,SERIE_A,Matchday 6
2024-09-29,Como 1907,Hellas Verona,3,2,H,1,0,H,2024-25,SERIE_A,Matchday 6
2024-09-29,AS Roma,Venezia,2,1,H,0,1,A,2024-25,SERIE_A,Matchday 6
2024-09-29,Empoli,ACF Fiorentina,0,0,D,0,0,D,2024-25,SERIE_A,Matchday 6
2024-09-29,SSC Napoli,AC Monza,2,0,H,2,0,H,2024-25,SERIE_A,Matchday 6
2024-09-30,Parma Calcio 1913,Cagliari Calcio,2,3,A,0,1,A,2024-25,SERIE_A,Matchday 6
2024-10-04,SSC Napoli,Como 1907,3,1,H,1,1,D,2024-25,SERIE_A,Matchday 7
2024-10-04,Hellas Verona,Venezia,2,1,H,1,1,D,2024-25,SERIE_A,Matchday 7
2024-10-05,Udinese Calcio,US Lecce,1,0,H,0,0,D,2024-25,SERIE_A,Matchday 7
2024-10-05,Atalanta BC,Genoa CFC,5,1,H,1,0,H,2024-25,SERIE_A,Matchday 7
2024-10-05,FC Internazionale Milano,Torino,3,2,H,2,1,H,2024-25,SERIE_A,Matchday 7
2024-10-06,Juventus,Cagliari Calcio,1,1,D,1,0,H,2024-25,SERIE_A,Matchday 7
2024-10-06,Bologna FC 1909,Parma Calcio 1913,0,0,D,0,0,D,2024-25,SERIE_A,Matchday 7
2024-10-06,SS Lazio,Empoli,2,1,H,1,1,D,2024-25,SERIE_A,Matchday 7
2024-10-06,AC Monza,AS Roma,1,1,D,0,0,D,2024-25,SERIE_A,Matchday 7
2024-10-06,ACF Fiorentina,AC Milan,2,1,H,1,0,H,2024-25,SERIE_A,Matchday 7
2024-10-19,Como 1907,Parma Calcio 1913,1,1,D,1,1,D,2024-25,SERIE_A,Matchday 8
2024-10-19,Genoa CFC,Bologna FC 1909,2,2,D,0,1,A,2024-25,SERIE_A,Matchday 8
2024-10-19,AC Milan,Udinese Calcio,1,0,H,1,0,H,2024-25,SERIE_A,Matchday 8
2024-10-19,Juventus,SS Lazio,1,0,H,0,0,D,2024-25,SERIE_A,Matchday 8
2024-10-20,Empoli,SSC Napoli,0,1,A,0,0,D,2024-25,SERIE_A,Matchday 8
2024-10-20,US Lecce,ACF Fiorentina,0,6,A,0,3,A,2024-25,SERIE_A,Matchday 8
2024-10-20,Venezia,Atalanta BC,0,2,A,0,1,A,2024-25,SERIE_A,Matchday 8
2024-10-20,Cagliari Calcio,Torino,3,2,H,1,1,D,2024-25,SERIE_A,Matchday 8
2024-10-20,AS Roma,FC Internazionale Milano,0,1,A,0,0,D,2024-25,SERIE_A,Matchday 8
2024-10-21,Hellas Verona,AC Monza,0,3,A,0,1,A,2024-25,SERIE_A,Matchday 8
2024-10-25,Udinese Calcio,Cagliari Calcio,2,0,H,1,0,H,2024-25,SERIE_A,Matchday 9
2024-10-25,Torino,Como 1907,1,0,H,0,0,D,2024-25,SERIE_A,Matchday 9
2024-10-26,SSC Napoli,US Lecce,1,0,H,0,0,D,2024-25,SERIE_A,Matchday 9
2024-10-26,Atalanta BC,Hellas Verona,6,1,H,5,1,H,2024-25,SERIE_A,Matchday 9
2024-10-27,Parma Calcio 1913,Empoli,1,1,D,0,1,A,2024-25,SERIE_A,Matchday 9
2024-10-27,SS Lazio,Genoa CFC,3,0,H,1,0,H,2024-25,SERIE_A,Matchday 9
2024-10-27,AC Monza,Venezia,2,2,D,2,2,D,2024-25,SERIE_A,Matchday 9
2024-10-27,FC Internazionale Milano,Juventus,4,4,D,3,2,H,2024-25,SERIE_A,Matchday 9
2024-10-27,ACF Fiorentina,AS Roma,5,1,H,3,1,H,2024-25,SERIE_A,Matchday 9
2024-10-29,Cagliari Calcio,Bologna FC 1909,0,2,A,0,1,A,2024-25,SERIE_A,Matchday 10
2024-10-29,US Lecce,Hellas Verona,1,0,H,0,0,D,2024-25,SERIE_A,Matchday 10
2024-10-29,AC Milan,SSC Napoli,0,2,A,0,2,A,2024-25,SERIE_A,Matchday 10
2024-10-30,Empoli,FC Internazionale Milano,0,3,A,0,0,D,2024-25,SERIE_A,Matchday 10
2024-10-30,Venezia,Udinese Calcio,3,2,H,1,2,A,2024-25,SERIE_A,Matchday 10
2024-10-30,Atalanta BC,AC Monza,2,0,H,0,0,D,2024-25,SERIE_A,Matchday 10
2024-10-30,Juventus,Parma Calcio 1913,2,2,D,1,2,A,2024-25,SERIE_A,Matchday 10
2024-10-31,Genoa CFC,ACF Fiorentina,0,1,A,0,0,D,2024-25,SERIE_A,Matchday 10
2024-10-31,Como 1907,SS Lazio,1,5,A,0,2,A,2024-25,SERIE_A,Matchday 10
2024-10-31,AS Roma,Torino,1,0,H,1,0,H,2024-25,SERIE_A,Matchday 10
2024-11-02,Bologna FC 1909,US Lecce,1,0,H,0,0,D,2024-25,SERIE_A,Matchday 11
2024-11-02,Udinese Calcio,Juventus,0,2,A,0,2,A,2024-25,SERIE_A,Matchday 11
2024-11-02,AC Monza,AC Milan,0,1,A,0,1,A,2024-25,SERIE_A,Matchday 11
2024-11-03,SSC Napoli,Atalanta BC,0,3,A,0,2,A,2024-25,SERIE_A,Matchday 11
2024-11-03,Torino,ACF Fiorentina,0,1,A,0,1,A,2024-25,SERIE_A,Matchday 11
2024-11-03,Hellas Verona,AS Roma,3,2,H,2,1,H,2024-25,SERIE_A,Matchday 11
2024-11-03,FC Internazionale Milano,Venezia,1,0,H,0,0,D,2024-25,SERIE_A,Matchday 11
2024-11-04,Empoli,Como 1907,1,0,H,0,0,D,2024-25,SERIE_A,Matchday 11
2024-11-04,Parma Calcio 1913,Genoa CFC,0,1,A,0,0,D,2024-25,SERIE_A,Matchday 11
2024-11-04,SS Lazio,Cagliari Calcio,2,1,H,1,1,D,2024-25,SERIE_A,Matchday 11
2024-11-07,Genoa CFC,Como 1907,1,1,D,0,1,A,2024-25,SERIE_A,Matchday 12
2024-11-08,US Lecce,Empoli,1,1,D,0,1,A,2024-25,SERIE_A,Matchday 12
2024-11-09,Venezia,Parma Calcio 1913,1,2,A,1,1,D,2024-25,SERIE_A,Matchday 12
2024-11-09,Cagliari Calcio,AC Milan,3,3,D,1,2,A,2024-25,SERIE_A,Matchday 12
2024-11-09,Juventus,Torino,2,0,H,1,0,H,2024-25,SERIE_A,Matchday 12
2024-11-10,Atalanta BC,Udinese Calcio,2,1,H,0,1,A,2024-25,SERIE_A,Matchday 12
2024-11-10,ACF Fiorentina,Hellas Verona,3,1,H,1,1,D,2024-25,SERIE_A,Matchday 12
2024-11-10,AS Roma,Bologna FC 1909,2,3,A,0,1,A,2024-25,SERIE_A,Matchday 12
2024-11-10,AC Monza,SS Lazio,0,1,A,0,1,A,2024-25,SERIE_A,Matchday 12
2024-11-10,FC Internazionale Milano,SSC Napoli,1,1,D,1,1,D,2024-25,SERIE_A,Matchday 12
2024-11-23,Hellas Verona,FC Internazionale Milano,0,5,A,0,5,A,2024-25,SERIE_A,Matchday 13
2024-11-23,AC Milan,Juventus,0,0,D,0,0,D,2024-25,SERIE_A,Matchday 13
2024-11-23,Parma Calcio 1913,Atalanta BC,1,3,A,0,2,A,2024-25,SERIE_A,Matchday 13
2024-11-24,Genoa CFC,Cagliari Calcio,2,2,D,1,1,D,2024-25,SERIE_A,Matchday 13
2024-11-24,Como 1907,ACF Fiorentina,0,2,A,0,1,A,2024-25,SERIE_A,Matchday 13
2024-11-24,Torino,AC Monza,1,1,D,0,0,D,2024-25,SERIE_A,Matchday 13
2024-11-24,SSC Napoli,AS Roma,1,0,H,0,0,D,2024-25,SERIE_A,Matchday 13
2024-11-24,SS Lazio,Bologna FC 1909,3,0,H,0,0,D,2024-25,SERIE_A,Matchday 13
2024-11-25,Empoli,Udinese Calcio,1,1,D,1,0,H,2024-25,SERIE_A,Matchday 13
2024-11-25,Venezia,US Lecce,0,1,A,0,0,D,2024-25,SERIE_A,Matchday 13
2024-11-29,Cagliari Calcio,Hellas Verona,1,0,H,0,0,D,2024-25,SERIE_A,Matchday 14
2024-11-30,Como 1907,AC Monza,1,1,D,1,0,H,2024-25,SERIE_A,Matchday 14
2024-11-30,AC Milan,Empoli,3,0,H,2,0,H,2024-25,SERIE_A,Matchday 14
2024-11-30,Bologna FC 1909,Venezia,3,0,H,1,0,H,2024-25,SERIE_A,Matchday 14
2024-12-01,Udinese Calcio,Genoa CFC,0,2,A,0,1,A,2024-25,SERIE_A,Matchday 14
2024-12-01,Parma Calcio 1913,SS Lazio,3,1,H,1,0,H,2024-25,SERIE_A,Matchday 14
2024-12-01,Torino,SSC Napoli,0,1,A,0,1,A,2024-25,SERIE_A,Matchday 14
2024-12-01,US Lecce,Juventus,1,1,D,0,0,D,2024-25,SERIE_A,Matchday 14
2024-12-02,AS Roma,Atalanta BC,0,2,A,0,0,D,2024-25,SERIE_A,Matchday 14
2024-12-06,FC Internazionale Milano,Parma Calcio 1913,3,1,H,1,0,H,2024-25,SERIE_A,Matchday 15
2024-12-06,Atalanta BC,AC Milan,2,1,H,1,1,D,2024-25,SERIE_A,Matchday 15
2024-12-07,Genoa CFC,Torino,0,0,D,0,0,D,2024-25,SERIE_A,Matchday 15
2024-12-07,Juventus,Bologna FC 1909,2,2,D,0,1,A,2024-25,SERIE_A,Matchday 15
2024-12-07,AS Roma,US Lecce,4,1,H,1,1,D,2024-25,SERIE_A,Matchday 15
2024-12-08,ACF Fiorentina,Cagliari Calcio,1,0,H,1,0,H,2024-25,SERIE_A,Matchday 15
2024-12-08,Hellas Verona,Empoli,1,4,A,1,4,A,2024-25,SERIE_A,Matchday 15
2024-12-08,Venezia,Como 1907,2,2,D,1,0,H,2024-25,SERIE_A,Matchday 15
2024-12-08,SSC Napoli,SS Lazio,0,1,A,0,0,D,2024-25,SERIE_A,Matchday 15
2024-12-09,AC Monza,Udinese Calcio,1,2,A,0,1,A,2024-25,SERIE_A,Matchday 15
2024-12-13,Empoli,Torino,0,1,A,0,0,D,2024-25,SERIE_A,Matchday 16
2024-12-14,Cagliari Calcio,Atalanta BC,0,1,A,0,0,D,2024-25,SERIE_A,Matchday 16
2024-12-14,Udinese Calcio,SSC Napoli,1,3,A,1,0,H,2024-25,SERIE_A,Matchday 16
2024-12-14,Juventus,Venezia,2,2,D,1,0,H,2024-25,SERIE_A,Matchday 16
2024-12-15,US Lecce,AC Monza,2,1,H,2,1,H,2024-25,SERIE_A,Matchday 16
2024-12-15,Bologna FC 1909,ACF Fiorentina,1,0,H,0,0,D,2024-25,SERIE_A,Matchday 16
2024-12-15,Parma Calcio 1913,Hellas Verona,2,3,A,1,1,D,2024-25,SERIE_A,Matchday 16
2024-12-15,Como 1907,AS Roma,2,0,H,0,0,D,2024-25,SERIE_A,Matchday 16
2024-12-15,AC Milan,Genoa CFC,0,0,D,0,0,D,2024-25,SERIE_A,Matchday 16
2024-12-16,SS Lazio,FC Internazionale Milano,0,6,A,0,2,A,2024-25,SERIE_A,Matchday 16
2024-12-20,Hellas Verona,AC Milan,0,1,A,0,0,D,2024-25,SERIE_A,Matchday 17
2024-12-21,Torino,Bologna FC 1909,0,2,A,0,0,D,2024-25,SERIE_A,Matchday 17
2024-12-21,Genoa CFC,SSC Napoli,1,2,A,0,2,A,2024-25,SERIE_A,Matchday 17
2024-12-21,US Lecce,SS Lazio,1,2,A,0,1,A,2024-25,SERIE_A,Matchday 17
2024-12-22,AS Roma,Parma Calcio 1913,5,0,H,2,0,H,2024-25,SERIE_A,Matchday 17
2024-12-22,Venezia,Cagliari Calcio,2,1,H,1,0,H,2024-25,SERIE_A,Matchday 17
2024-12-22,Atalanta BC,Empoli,3,2,H,2,1,H,2024-25,SERIE_A,Matchday 17
2024-12-22,AC Monza,Juventus,1,2,A,1,2,A,2024-25,SERIE_A,Matchday 17
2024-12-23,ACF Fiorentina,Udinese Calcio,1,2,A,1,0,H,2024-25,SERIE_A,Matchday 17
2024-12-23,FC Internazionale Milano,Como 1907,2,0,H,0,0,D,2024-25,SERIE_A,Matchday 17
2024-12-28,Empoli,Genoa CFC,1,2,A,0,0,D,2024-25,SERIE_A,Matchday 18
2024-12-28,Parma Calcio 1913,AC Monza,2,1,H,0,0,D,2024-25,SERIE_A,Matchday 18
2024-12-28,Cagliari Calcio,FC Internazionale Milano,0,3,A,0,0,D,2024-25,SERIE_A,Matchday 18
2024-12-28,SS Lazio,Atalanta BC,1,1,D,1,0,H,2024-25,SERIE_A,Matchday 18
2024-12-29,Udinese Calcio,Torino,2,2,D,1,0,H,2024-25,SERIE_A,Matchday 18
2024-12-29,SSC Napoli,Venezia,1,0,H,0,0,D,2024-25,SERIE_A,Matchday 18
2024-12-29,Juventus,ACF Fiorentina,2,2,D,1,1,D,2024-25,SERIE_A,Matchday 18
2024-12-29,AC Milan,AS Roma,1,1,D,1,1,D,2024-25,SERIE_A,Matchday 18
2024-12-30,Como 1907,US Lecce,2,0,H,0,0,D,2024-25,SERIE_A,Matchday 18
2024-12-30,Bologna FC 1909,Hellas Verona,2,3,A,1,2,A,2024-25,SERIE_A,Matchday 18
2025-01-04,Venezia,Empoli,1,1,D,1,1,D,2024-25,SERIE_A,Matchday 19
2025-01-04,ACF Fiorentina,SSC Napoli,0,3,A,0,1,A,2024-25,SERIE_A,Matchday 19
2025-01-04,Hellas Verona,Udinese Calcio,0,0,D,0,0,D,2024-25,SERIE_A,Matchday 19
2025-01-05,AC Monza,Cagliari Calcio,1,2,A,1,1,D,2024-25,SERIE_A,Matchday 19
2025-01-05,US Lecce,Genoa CFC,0,0,D,0,0,D,2024-25,SERIE_A,Matchday 19
2025-01-05,Torino,Parma Calcio 1913,0,0,D,0,0,D,2024-25,SERIE_A,Matchday 19
2025-01-05,AS Roma,SS Lazio,2,0,H,2,0,H,2024-25,SERIE_A,Matchday 19
2025-01-10,SS Lazio,Como 1907,1,1,D,1,0,H,2024-25,SERIE_A,Matchday 20
2025-01-11,Empoli,US Lecce,1,3,A,0,2,A,2024-25,SERIE_A,Matchday 20
2025-01-11,Udinese Calcio,Atalanta BC,0,0,D,0,0,D,2024-25,SERIE_A,Matchday 20
2025-01-11,Torino,Juventus,1,1,D,1,1,D,2024-25,SERIE_A,Matchday 20
2025-01-11,AC Milan,Cagliari Calcio,1,1,D,0,0,D,2024-25,SERIE_A,Matchday 20
2025-01-12,Genoa CFC,Parma Calcio 1913,1,0,H,0,0,D,2024-25,SERIE_A,Matchday 20
2025-01-12,Venezia,FC Internazionale Milano,0,1,A,0,1,A,2024-25,SERIE_A,Matchday 20
2025-01-12,Bologna FC 1909,AS Roma,2,2,D,0,0,D,2024-25,SERIE_A,Matchday 20
2025-01-12,SSC Napoli,Hellas Verona,2,0,H,1,0,H,2024-25,SERIE_A,Matchday 20
2025-01-13,AC Monza,ACF Fiorentina,2,1,H,1,0,H,2024-25,SERIE_A,Matchday 20
2025-01-14,Como 1907,AC Milan,1,2,A,0,0,D,2024-25,SERIE_A,Matchday 19
2025-01-14,Atalanta BC,Juventus,1,1,D,0,0,D,2024-25,SERIE_A,Matchday 19
2025-01-15,FC Internazionale Milano,Bologna FC 1909,2,2,D,2,1,H,2024-25,SERIE_A,Matchday 19
2025-01-17,AS Roma,Genoa CFC,3,1,H,1,1,D,2024-25,SERIE_A,Matchday 21
2025-01-18,Bologna FC 1909,AC Monza,3,1,H,2,1,H,2024-25,SERIE_A,Matchday 21
2025-01-18,Juventus,AC Milan,2,0,H,0,0,D,2024-25,SERIE_A,Matchday 21
2025-01-18,Atalanta BC,SSC Napoli,2,3,A,1,2,A,2024-25,SERIE_A,Matchday 21
2025-01-19,ACF Fiorentina,Torino,1,1,D,1,0,H,2024-25,SERIE_A,Matchday 21
2025-01-19,Cagliari Calcio,US Lecce,4,1,H,0,1,A,2024-25,SERIE_A,Matchday 21
2025-01-19,Parma Calcio 1913,Venezia,1,1,D,0,1,A,2024-25,SERIE_A,Matchday 21
2025-01-19,Hellas Verona,SS Lazio,0,3,A,0,2,A,2024-25,SERIE_A,Matchday 21
2025-01-19,FC Internazionale Milano,Empoli,3,1,H,0,0,D,2024-25,SERIE_A,Matchday 21
2025-01-20,Como 1907,Udinese Calcio,4,1,H,2,0,H,2024-25,SERIE_A,Matchday 21
2025-01-24,Torino,Cagliari Calcio,2,0,H,1,0,H,2024-25,SERIE_A,Matchday 22
2025-01-25,Como 1907,Atalanta BC,1,2,A,1,0,H,2024-25,SERIE_A,Matchday 22
2025-01-25,SSC Napoli,Juventus,2,1,H,0,1,A,2024-25,SERIE_A,Matchday 22
2025-01-25,Empoli,Bologna FC 1909,1,1,D,1,1,D,2024-25,SERIE_A,Matchday 22
2025-01-26,AC Milan,Parma Calcio 1913,3,2,H,1,1,D,2024-25,SERIE_A,Matchday 22
2025-01-26,Udinese Calcio,AS Roma,1,2,A,1,0,H,2024-25,SERIE_A,Matchday 22
2025-01-26,US Lecce,FC Internazionale Milano,0,4,A,0,2,A,2024-25,SERIE_A,Matchday 22
2025-01-26,SS Lazio,ACF Fiorentina,1,2,A,0,2,A,2024-25,SERIE_A,Matchday 22
2025-01-27,Venezia,Hellas Verona,1,1,D,1,0,H,2024-25,SERIE_A,Matchday 22
2025-01-27,Genoa CFC,AC Monza,2,0,H,0,0,D,2024-25,SERIE_A,Matchday 22
2025-01-31,Parma Calcio 1913,US Lecce,1,3,A,1,1,D,2024-25,SERIE_A,Matchday 23
2025-02-01,AC Monza,Hellas Verona,0,1,A,0,1,A,2024-25,SERIE_A,Matchday 23
2025-02-01,Udinese Calcio,Venezia,3,2,H,0,0,D,2024-25,SERIE_A,Matchday 23
2025-02-01,Atalanta BC,Torino,1,1,D,1,1,D,2024-25,SERIE_A,Matchday 23
2025-02-01,Bologna FC 1909,Como 1907,2,0,H,1,0,H,2024-25,SERIE_A,Matchday 23
2025-02-02,Juventus,Empoli,4,1,H,0,1,A,2024-25,SERIE_A,Matchday 23
2025-02-02,ACF Fiorentina,Genoa CFC,2,1,H,2,0,H,2024-25,SERIE_A,Matchday 23
2025-02-02,AC Milan,FC Internazionale Milano,1,1,D,1,0,H,2024-25,SERIE_A,Matchday 23
2025-02-02,AS Roma,SSC Napoli,1,1,D,0,1,A,2024-25,SERIE_A,Matchday 23
2025-02-03,Cagliari Calcio,SS Lazio,1,2,A,0,1,A,2024-25,SERIE_A,Matchday 23
2025-02-06,ACF Fiorentina,FC Internazionale Milano,3,0,H,3,0,H,2024-25,SERIE_A,Matchday 14
2025-02-07,Como 1907,Juventus,1,2,A,1,1,D,2024-25,SERIE_A,Matchday 24
2025-02-08,Hellas Verona,Atalanta BC,0,5,A,0,4,A,2024-25,SERIE_A,Matchday 24
2025-02-08,Empoli,AC Milan,0,2,A,0,0,D,2024-25,SERIE_A,Matchday 24
2025-02-08,Torino,Genoa CFC,1,1,D,1,0,H,2024-25,SERIE_A,Matchday 24
2025-02-09,Venezia,AS Roma,0,1,A,0,0,D,2024-25,SERIE_A,Matchday 24
2025-02-09,Cagliari Calcio,Parma Calcio 1913,2,1,H,0,0,D,2024-25,SERIE_A,Matchday 24
2025-02-09,SS Lazio,AC Monza,5,1,H,1,0,H,2024-25,SERIE_A,Matchday 24
2025-02-09,US Lecce,Bologna FC 1909,0,0,D,0,0,D,2024-25,SERIE_A,Matchday 24
2025-02-09,SSC Napoli,Udinese Calcio,1,1,D,1,1,D,2024-25,SERIE_A,Matchday 24
2025-02-10,FC Internazionale Milano,ACF Fiorentina,2,1,H,1,1,D,2024-25,SERIE_A,Matchday 24
2025-02-14,Bologna FC 1909,Torino,3,2,H,1,1,D,2024-25,SERIE_A,Matchday 25
2025-02-15,Atalanta BC,Cagliari Calcio,0,0,D,0,0,D,2024-25,SERIE_A,Matchday 25
2025-02-15,SS Lazio,SSC Napoli,2,2,D,1,1,D,2024-25,SERIE_A,Matchday 25
2025-02-15,AC Milan,Hellas Verona,1,0,H,0,0,D,2024-25,SERIE_A,Matchday 25
2025-02-16,ACF Fiorentina,Como 1907,0,2,A,0,1,A,2024-25,SERIE_A,Matchday 25
2025-02-16,AC Monza,US Lecce,0,0,D,0,0,D,2024-25,SERIE_A,Matchday 25
2025-02-16,Udinese Calcio,Empoli,3,0,H,1,0,H,2024-25,SERIE_A,Matchday 25
2025-02-16,Parma Calcio 1913,AS Roma,0,1,A,0,1,A,2024-25,SERIE_A,Matchday 25
2025-02-16,Juventus,FC Internazionale Milano,1,0,H,0,0,D,2024-25,SERIE_A,Matchday 25
2025-02-17,Genoa CFC,Venezia,2,0,H,0,0,D,2024-25,SERIE_A,Matchday 25
2025-02-21,US Lecce,Udinese Calcio,0,1,A,0,1,A,2024-25,SERIE_A,Matchday 26
2025-02-22,Parma Calcio 1913,Bologna FC 1909,2,0,H,1,0,H,2024-25,SERIE_A,Matchday 26
2025-02-22,Venezia,SS Lazio,0,0,D,0,0,D,2024-25,SERIE_A,Matchday 26
2025-02-22,Torino,AC Milan,2,1,H,1,0,H,2024-25,SERIE_A,Matchday 26
2025-02-22,FC Internazionale Milano,Genoa CFC,1,0,H,0,0,D,2024-25,SERIE_A,Matchday 26
2025-02-23,Como 1907,SSC Napoli,2,1,H,1,1,D,2024-25,SERIE_A,Matchday 26
2025-02-23,Hellas Verona,ACF Fiorentina,1,0,H,0,0,D,2024-25,SERIE_A,Matchday 26
2025-02-23,Empoli,Atalanta BC,0,5,A,0,3,A,2024-25,SERIE_A,Matchday 26
2025-02-23,Cagliari Calcio,Juventus,0,1,A,0,1,A,2024-25,SERIE_A,Matchday 26
2025-02-24,AS Roma,AC Monza,4,0,H,2,0,H,2024-25,SERIE_A,Matchday 26
2025-02-27,Bologna FC 1909,AC Milan,2,1,H,0,1,A,2024-25,SERIE_A,Matchday 9
2025-02-28,ACF Fiorentina,US Lecce,1,0,H,1,0,H,2024-25,SERIE_A,Matchday 27
2025-03-01,Atalanta BC,Venezia,0,0,D,0,0,D,2024-25,SERIE_A,Matchday 27
2025-03-01,SSC Napoli,FC Internazionale Milano,1,1,D,0,1,A,2024-25,SERIE_A,Matchday 27
2025-03-01,Udinese Calcio,Parma Calcio 1913,1,0,H,1,0,H,2024-25,SERIE_A,Matchday 27
2025-03-02,AC Monza,Torino,0,2,A,0,1,A,2024-25,SERIE_A,Matchday 27
2025-03-02,Bologna FC 1909,Cagliari Calcio,2,1,H,0,1,A,2024-25,SERIE_A,Matchday 27
2025-03-02,Genoa CFC,Empoli,1,1,D,0,1,A,2024-25,SERIE_A,Matchday 27
2025-03-02,AS Roma,Como 1907,2,1,H,0,1,A,2024-25,SERIE_A,Matchday 27
2025-03-02,AC Milan,SS Lazio,1,2,A,0,1,A,2024-25,SERIE_A,Matchday 27
2025-03-03,Juventus,Hellas Verona,2,0,H,0,0,D,2024-25,SERIE_A,Matchday 27
2025-03-07,Cagliari Calcio,Genoa CFC,1,1,D,1,0,H,2024-25,SERIE_A,Matchday 28
2025-03-08,Como 1907,Venezia,1,1,D,0,0,D,2024-25,SERIE_A,Matchday 28
2025-03-08,Parma Calcio 1913,Torino,2,2,D,0,1,A,2024-25,SERIE_A,Matchday 28
2025-03-08,US Lecce,AC Milan,2,3,A,1,0,H,2024-25,SERIE_A,Matchday 28
2025-03-08,FC Internazionale Milano,AC Monza,3,2,H,1,2,A,2024-25,SERIE_A,Matchday 28
2025-03-09,Hellas Verona,Bologna FC 1909,1,2,A,0,1,A,2024-25,SERIE_A,Matchday 28
2025-03-09,SSC Napoli,ACF Fiorentina,2,1,H,1,0,H,2024-25,SERIE_A,Matchday 28
2025-03-09,Empoli,AS Roma,0,1,A,0,1,A,2024-25,SERIE_A,Matchday 28
2025-03-09,Juventus,Atalanta BC,0,4,A,0,1,A,2024-25,SERIE_A,Matchday 28
2025-03-10,SS Lazio,Udinese Calcio,1,1,D,1,1,D,2024-25,SERIE_A,Matchday 28
2025-03-14,Genoa CFC,US Lecce,2,1,H,2,0,H,2024-25,SERIE_A,Matchday 29
2025-03-15,AC Monza,Parma Calcio 1913,1,1,D,0,0,D,2024-25,SERIE_A,Matchday 29
2025-03-15,Udinese Calcio,Hellas Verona,0,1,A,0,0,D,2024-25,SERIE_A,Matchday 29
2025-03-15,AC Milan,Como 1907,2,1,H,0,1,A,2024-25,SERIE_A,Matchday 29
2025-03-15,Torino,Empoli,1,0,H,0,0,D,2024-25,SERIE_A,Matchday 29
2025-03-16,Venezia,SSC Napoli,0,0,D,0,0,D,2024-25,SERIE_A,Matchday 29
2025-03-16,Bologna FC 1909,SS Lazio,5,0,H,1,0,H,2024-25,SERIE_A,Matchday 29
2025-03-16,AS Roma,Cagliari Calcio,1,0,H,0,0,D,2024-25,SERIE_A,Matchday 29
2025-03-16,ACF Fiorentina,Juventus,3,0,H,2,0,H,2024-25,SERIE_A,Matchday 29
2025-03-16,Atalanta BC,FC Internazionale Milano,0,2,A,0,0,D,2024-25,SERIE_A,Matchday 29
2025-03-29,Como 1907,Empoli,1,1,D,0,0,D,2024-25,SERIE_A,Matchday 30
2025-03-29,Venezia,Bologna FC 1909,0,1,A,0,0,D,2024-25,SERIE_A,Matchday 30
2025-03-29,Juventus,Genoa CFC,1,0,H,1,0,H,2024-25,SERIE_A,Matchday 30
2025-03-29,US Lecce,AS Roma,0,1,A,0,0,D,2024-25,SERIE_A,Matchday 30
2025-03-30,Cagliari Calcio,AC Monza,3,0,H,0,0,D,2024-25,SERIE_A,Matchday 30
2025-03-30,ACF Fiorentina,Atalanta BC,1,0,H,1,0,H,2024-25,SERIE_A,Matchday 30
2025-03-30,FC Internazionale Milano,Udinese Calcio,2,1,H,2,0,H,2024-25,SERIE_A,Matchday 30
2025-03-30,SSC Napoli,AC Milan,2,1,H,2,0,H,2024-25,SERIE_A,Matchday 30
2025-03-31,Hellas Verona,Parma Calcio 1913,0,0,D,0,0,D,2024-25,SERIE_A,Matchday 30
2025-03-31,SS Lazio,Torino,1,1,D,0,0,D,2024-25,SERIE_A,Matchday 30
2025-04-04,Genoa CFC,Udinese Calcio,1,0,H,0,0,D,2024-25,SERIE_A,Matchday 31
2025-04-05,AC Monza,Como 1907,1,3,A,1,2,A,2024-25,SERIE_A,Matchday 31
2025-04-05,Parma Calcio 1913,FC Internazionale Milano,2,2,D,0,2,A,2024-25,SERIE_A,Matchday 31
2025-04-05,AC Milan,ACF Fiorentina,2,2,D,1,2,A,2024-25,SERIE_A,Matchday 31
2025-04-06,US Lecce,Venezia,1,1,D,0,0,D,2024-25,SERIE_A,Matchday 31
2025-04-06,Empoli,Cagliari Calcio,0,0,D,0,0,D,2024-25,SERIE_A,Matchday 31
2025-04-06,Torino,Hellas Verona,1,1,D,0,0,D,2024-25,SERIE_A,Matchday 31
2025-04-06,Atalanta BC,SS Lazio,0,1,A,0,0,D,2024-25,SERIE_A,Matchday 31
2025-04-06,AS Roma,Juventus,1,1,D,0,1,A,2024-25,SERIE_A,Matchday 31
2025-04-07,Bologna FC 1909,SSC Napoli,1,1,D,0,1,A,2024-25,SERIE_A,Matchday 31
2025-04-11,Udinese Calcio,AC Milan,0,4,A,0,2,A,2024-25,SERIE_A,Matchday 32
2025-04-12,Venezia,AC Monza,1,0,H,0,0,D,2024-25,SERIE_A,Matchday 32
2025-04-12,FC Internazionale Milano,Cagliari Calcio,3,1,H,2,0,H,2024-25,SERIE_A,Matchday 32
2025-04-12,Juventus,US Lecce,2,1,H,2,0,H,2024-25,SERIE_A,Matchday 32
2025-04-13,Atalanta BC,Bologna FC 1909,2,0,H,2,0,H,2024-25,SERIE_A,Matchday 32
2025-04-13,ACF Fiorentina,Parma Calcio 1913,0,0,D,0,0,D,2024-25,SERIE_A,Matchday 32
2025-04-13,Hellas Verona,Genoa CFC,0,0,D,0,0,D,2024-25,SERIE_A,Matchday 32
2025-04-13,Como 1907,Torino,1,0,H,1,0,H,2024-25,SERIE_A,Matchday 32
2025-04-13,SS Lazio,AS Roma,1,1,D,0,0,D,2024-25,SERIE_A,Matchday 32
2025-04-14,SSC Napoli,Empoli,3,0,H,1,0,H,2024-25,SERIE_A,Matchday 32
2025-04-19,US Lecce,Como 1907,0,3,A,0,1,A,2024-25,SERIE_A,Matchday 33
2025-04-19,AC Monza,SSC Napoli,0,1,A,0,0,D,2024-25,SERIE_A,Matchday 33
2025-04-19,AS Roma,Hellas Verona,1,0,H,1,0,H,2024-25,SERIE_A,Matchday 33
2025-04-20,Empoli,Venezia,2,2,D,0,0,D,2024-25,SERIE_A,Matchday 33
2025-04-20,Bologna FC 1909,FC Internazionale Milano,1,0,H,0,0,D,2024-25,SERIE_A,Matchday 33
2025-04-20,AC Milan,Atalanta BC,0,1,A,0,0,D,2024-25,SERIE_A,Matchday 33
2025-04-23,Cagliari Calcio,ACF Fiorentina,1,2,A,1,1,D,2024-25,SERIE_A,Matchday 33
2025-04-23,Genoa CFC,SS Lazio,0,2,A,0,1,A,2024-25,SERIE_A,Matchday 33
2025-04-23,Parma Calcio 1913,Juventus,1,0,H,1,0,H,2024-25,SERIE_A,Matchday 33
2025-04-23,Torino,Udinese Calcio,2,0,H,1,0,H,2024-25,SERIE_A,Matchday 33
2025-04-27,Como 1907,Genoa CFC,1,0,H,0,0,D,2024-25,SERIE_A,Matchday 34
2025-04-27,Venezia,AC Milan,0,2,A,0,1,A,2024-25,SERIE_A,Matchday 34
2025-04-27,ACF Fiorentina,Empoli,2,1,H,2,0,H,2024-25,SERIE_A,Matchday 34
2025-04-27,FC Internazionale Milano,AS Roma,0,1,A,0,1,A,2024-25,SERIE_A,Matchday 34
2025-04-27,Juventus,AC Monza,2,0,H,2,0,H,2024-25,SERIE_A,Matchday 34
2025-04-27,Atalanta BC,US Lecce,1,1,D,0,1,A,2024-25,SERIE_A,Matchday 34
2025-04-27,SSC Napoli,Torino,2,0,H,2,0,H,2024-25,SERIE_A,Matchday 34
2025-04-28,Udinese Calcio,Bologna FC 1909,0,0,D,0,0,D,2024-25,SERIE_A,Matchday 34
2025-04-28,Hellas Verona,Cagliari Calcio,0,2,A,0,1,A,2024-25,SERIE_A,Matchday 34
2025-04-28,SS Lazio,Parma Calcio 1913,2,2,D,0,1,A,2024-25,SERIE_A,Matchday 34
2025-05-02,Torino,Venezia,1,1,D,0,1,A,2024-25,SERIE_A,Matchday 35
2025-05-03,Cagliari Calcio,Udinese Calcio,1,2,A,1,1,D,2024-25,SERIE_A,Matchday 35
2025-05-03,Parma Calcio 1913,Como 1907,0,1,A,0,0,D,2024-25,SERIE_A,Matchday 35
2025-05-03,US Lecce,SSC Napoli,0,1,A,0,1,A,2024-25,SERIE_A,Matchday 35
2025-05-03,FC Internazionale Milano,Hellas Verona,1,0,H,1,0,H,2024-25,SERIE_A,Matchday 35
2025-05-04,Empoli,SS Lazio,0,1,A,0,1,A,2024-25,SERIE_A,Matchday 35
2025-05-04,AC Monza,Atalanta BC,0,4,A,0,2,A,2024-25,SERIE_A,Matchday 35
2025-05-04,AS Roma,ACF Fiorentina,1,0,H,1,0,H,2024-25,SERIE_A,Matchday 35
2025-05-04,Bologna FC 1909,Juventus,1,1,D,0,1,A,2024-25,SERIE_A,Matchday 35
2025-05-05,Genoa CFC,AC Milan,1,2,A,0,0,D,2024-25,SERIE_A,Matchday 35
2025-05-09,AC Milan,Bologna FC 1909,3,1,H,0,0,D,2024-25,SERIE_A,Matchday 36
2025-05-10,Como 1907,Cagliari Calcio,3,1,H,2,1,H,2024-25,SERIE_A,Matchday 36
2025-05-10,SS Lazio,Juventus,1,1,D,0,0,D,2024-25,SERIE_A,Matchday 36
2025-05-10,Empoli,Parma Calcio 1913,2,1,H,1,0,H,2024-25,SERIE_A,Matchday 36
2025-05-11,Udinese Calcio,AC Monza,1,2,A,0,0,D,2024-25,SERIE_A,Matchday 36
2025-05-11,Hellas Verona,US Lecce,1,1,D,1,1,D,2024-25,SERIE_A,Matchday 36
2025-05-11,Torino,FC Internazionale Milano,0,2,A,0,1,A,2024-25,SERIE_A,Matchday 36
2025-05-11,SSC Napoli,Genoa CFC,2,2,D,1,1,D,2024-25,SERIE_A,Matchday 36
2025-05-12,Venezia,ACF Fiorentina,2,1,H,0,0,D,2024-25,SERIE_A,Matchday 36
2025-05-12,Atalanta BC,AS Roma,2,1,H,1,1,D,2024-25,SERIE_A,Matchday 36
2025-05-17,Genoa CFC,Atalanta BC,2,3,A,1,0,H,2024-25,SERIE_A,Matchday 37
2025-05-18,Cagliari Calcio,Venezia,3,0,H,2,0,H,2024-25,SERIE_A,Matchday 37
2025-05-18,ACF Fiorentina,Bologna FC 1909,3,2,H,1,0,H,2024-25,SERIE_A,Matchday 37
2025-05-18,Hellas Verona,Como 1907,1,1,D,0,1,A,2024-25,SERIE_A,Matchday 37
2025-05-18,FC Internazionale Milano,SS Lazio,2,2,D,1,0,H,2024-25,SERIE_A,Matchday 37
2025-05-18,Juventus,Udinese Calcio,2,0,H,0,0,D,2024-25,SERIE_A,Matchday 37
2025-05-18,US Lecce,Torino,1,0,H,0,0,D,2024-25,SERIE_A,Matchday 37
2025-05-18,AC Monza,Empoli,1,3,A,1,0,H,2024-25,SERIE_A,Matchday 37
2025-05-18,Parma Calcio 1913,SSC Napoli,0,0,D,0,0,D,2024-25,SERIE_A,Matchday 37
2025-05-18,AS Roma,AC Milan,3,1,H,1,1,D,2024-25,SERIE_A,Matchday 37
